[
{
  "model": "token_blacklist.blacklistedtoken",
  "pk": 1,
  "fields": {
    "token": 1,
    "blacklisted_at": "2025-05-12T18:57:07.539Z"
  }
},
{
  "model": "token_blacklist.blacklistedtoken",
  "pk": 2,
  "fields": {
    "token": 3,
    "blacklisted_at": "2025-05-12T19:01:57.558Z"
  }
},
{
  "model": "token_blacklist.blacklistedtoken",
  "pk": 3,
  "fields": {
    "token": 12,
    "blacklisted_at": "2025-05-13T10:58:22.392Z"
  }
},
{
  "model": "token_blacklist.blacklistedtoken",
  "pk": 4,
  "fields": {
    "token": 13,
    "blacklisted_at": "2025-05-13T10:59:23.850Z"
  }
},
{
  "model": "token_blacklist.blacklistedtoken",
  "pk": 5,
  "fields": {
    "token": 14,
    "blacklisted_at": "2025-05-13T11:00:18.421Z"
  }
},
{
  "model": "token_blacklist.blacklistedtoken",
  "pk": 7,
  "fields": {
    "token": 15,
    "blacklisted_at": "2025-05-13T11:00:21.851Z"
  }
},
{
  "model": "token_blacklist.blacklistedtoken",
  "pk": 8,
  "fields": {
    "token": 16,
    "blacklisted_at": "2025-05-13T11:00:45.613Z"
  }
},
{
  "model": "token_blacklist.blacklistedtoken",
  "pk": 9,
  "fields": {
    "token": 17,
    "blacklisted_at": "2025-05-13T11:00:53.531Z"
  }
},
{
  "model": "token_blacklist.blacklistedtoken",
  "pk": 10,
  "fields": {
    "token": 18,
    "blacklisted_at": "2025-05-13T11:01:15.805Z"
  }
},
{
  "model": "token_blacklist.blacklistedtoken",
  "pk": 11,
  "fields": {
    "token": 19,
    "blacklisted_at": "2025-05-13T11:01:19.298Z"
  }
},
{
  "model": "token_blacklist.blacklistedtoken",
  "pk": 12,
  "fields": {
    "token": 20,
    "blacklisted_at": "2025-05-13T11:01:56.858Z"
  }
},
{
  "model": "token_blacklist.blacklistedtoken",
  "pk": 13,
  "fields": {
    "token": 21,
    "blacklisted_at": "2025-05-13T11:02:02.768Z"
  }
},
{
  "model": "token_blacklist.blacklistedtoken",
  "pk": 15,
  "fields": {
    "token": 22,
    "blacklisted_at": "2025-05-13T11:02:05.971Z"
  }
},
{
  "model": "token_blacklist.blacklistedtoken",
  "pk": 16,
  "fields": {
    "token": 23,
    "blacklisted_at": "2025-05-13T11:05:44.134Z"
  }
},
{
  "model": "token_blacklist.blacklistedtoken",
  "pk": 18,
  "fields": {
    "token": 24,
    "blacklisted_at": "2025-05-13T11:05:52.971Z"
  }
},
{
  "model": "token_blacklist.blacklistedtoken",
  "pk": 20,
  "fields": {
    "token": 25,
    "blacklisted_at": "2025-05-13T11:05:56.189Z"
  }
},
{
  "model": "token_blacklist.blacklistedtoken",
  "pk": 21,
  "fields": {
    "token": 26,
    "blacklisted_at": "2025-05-13T11:05:59.739Z"
  }
},
{
  "model": "token_blacklist.blacklistedtoken",
  "pk": 22,
  "fields": {
    "token": 27,
    "blacklisted_at": "2025-05-13T11:08:18.874Z"
  }
},
{
  "model": "token_blacklist.blacklistedtoken",
  "pk": 23,
  "fields": {
    "token": 28,
    "blacklisted_at": "2025-05-13T11:08:22.676Z"
  }
},
{
  "model": "token_blacklist.blacklistedtoken",
  "pk": 24,
  "fields": {
    "token": 29,
    "blacklisted_at": "2025-05-13T11:08:27.362Z"
  }
},
{
  "model": "token_blacklist.blacklistedtoken",
  "pk": 25,
  "fields": {
    "token": 30,
    "blacklisted_at": "2025-05-13T11:08:34.809Z"
  }
},
{
  "model": "token_blacklist.blacklistedtoken",
  "pk": 27,
  "fields": {
    "token": 31,
    "blacklisted_at": "2025-05-13T11:08:38.385Z"
  }
},
{
  "model": "token_blacklist.blacklistedtoken",
  "pk": 29,
  "fields": {
    "token": 32,
    "blacklisted_at": "2025-05-13T11:08:52.180Z"
  }
},
{
  "model": "token_blacklist.blacklistedtoken",
  "pk": 30,
  "fields": {
    "token": 33,
    "blacklisted_at": "2025-05-13T11:09:09.401Z"
  }
},
{
  "model": "token_blacklist.blacklistedtoken",
  "pk": 32,
  "fields": {
    "token": 34,
    "blacklisted_at": "2025-05-13T11:10:28.724Z"
  }
},
{
  "model": "token_blacklist.blacklistedtoken",
  "pk": 33,
  "fields": {
    "token": 35,
    "blacklisted_at": "2025-05-13T11:10:32.223Z"
  }
},
{
  "model": "token_blacklist.blacklistedtoken",
  "pk": 34,
  "fields": {
    "token": 36,
    "blacklisted_at": "2025-05-13T11:10:37.046Z"
  }
},
{
  "model": "token_blacklist.blacklistedtoken",
  "pk": 35,
  "fields": {
    "token": 37,
    "blacklisted_at": "2025-05-13T11:10:52.708Z"
  }
},
{
  "model": "token_blacklist.blacklistedtoken",
  "pk": 36,
  "fields": {
    "token": 38,
    "blacklisted_at": "2025-05-13T11:10:57.074Z"
  }
},
{
  "model": "token_blacklist.blacklistedtoken",
  "pk": 38,
  "fields": {
    "token": 40,
    "blacklisted_at": "2025-05-13T11:54:17.761Z"
  }
},
{
  "model": "token_blacklist.blacklistedtoken",
  "pk": 40,
  "fields": {
    "token": 41,
    "blacklisted_at": "2025-05-13T11:54:24.998Z"
  }
},
{
  "model": "token_blacklist.blacklistedtoken",
  "pk": 41,
  "fields": {
    "token": 42,
    "blacklisted_at": "2025-05-13T11:54:35.097Z"
  }
},
{
  "model": "token_blacklist.blacklistedtoken",
  "pk": 42,
  "fields": {
    "token": 43,
    "blacklisted_at": "2025-05-13T11:54:41.884Z"
  }
},
{
  "model": "token_blacklist.blacklistedtoken",
  "pk": 43,
  "fields": {
    "token": 44,
    "blacklisted_at": "2025-05-13T11:54:47.022Z"
  }
},
{
  "model": "token_blacklist.blacklistedtoken",
  "pk": 44,
  "fields": {
    "token": 45,
    "blacklisted_at": "2025-05-13T11:54:52.302Z"
  }
},
{
  "model": "token_blacklist.blacklistedtoken",
  "pk": 45,
  "fields": {
    "token": 46,
    "blacklisted_at": "2025-05-13T11:54:58.349Z"
  }
},
{
  "model": "token_blacklist.blacklistedtoken",
  "pk": 46,
  "fields": {
    "token": 47,
    "blacklisted_at": "2025-05-13T11:55:06.703Z"
  }
},
{
  "model": "token_blacklist.blacklistedtoken",
  "pk": 47,
  "fields": {
    "token": 48,
    "blacklisted_at": "2025-05-13T11:55:11.398Z"
  }
},
{
  "model": "token_blacklist.blacklistedtoken",
  "pk": 48,
  "fields": {
    "token": 49,
    "blacklisted_at": "2025-05-13T11:55:49.269Z"
  }
},
{
  "model": "token_blacklist.blacklistedtoken",
  "pk": 49,
  "fields": {
    "token": 50,
    "blacklisted_at": "2025-05-13T11:55:53.885Z"
  }
},
{
  "model": "token_blacklist.blacklistedtoken",
  "pk": 50,
  "fields": {
    "token": 51,
    "blacklisted_at": "2025-05-13T12:30:53.866Z"
  }
},
{
  "model": "token_blacklist.blacklistedtoken",
  "pk": 52,
  "fields": {
    "token": 52,
    "blacklisted_at": "2025-05-13T12:35:53.931Z"
  }
},
{
  "model": "token_blacklist.blacklistedtoken",
  "pk": 53,
  "fields": {
    "token": 53,
    "blacklisted_at": "2025-05-13T12:36:10.955Z"
  }
},
{
  "model": "token_blacklist.blacklistedtoken",
  "pk": 54,
  "fields": {
    "token": 54,
    "blacklisted_at": "2025-05-13T12:36:18.577Z"
  }
},
{
  "model": "token_blacklist.blacklistedtoken",
  "pk": 55,
  "fields": {
    "token": 55,
    "blacklisted_at": "2025-05-13T12:36:33.326Z"
  }
},
{
  "model": "token_blacklist.blacklistedtoken",
  "pk": 56,
  "fields": {
    "token": 56,
    "blacklisted_at": "2025-05-13T13:35:32.034Z"
  }
},
{
  "model": "token_blacklist.blacklistedtoken",
  "pk": 58,
  "fields": {
    "token": 57,
    "blacklisted_at": "2025-05-13T14:25:09.164Z"
  }
},
{
  "model": "token_blacklist.blacklistedtoken",
  "pk": 60,
  "fields": {
    "token": 58,
    "blacklisted_at": "2025-05-13T14:48:02.433Z"
  }
},
{
  "model": "token_blacklist.blacklistedtoken",
  "pk": 62,
  "fields": {
    "token": 59,
    "blacklisted_at": "2025-05-13T14:48:27.450Z"
  }
},
{
  "model": "token_blacklist.blacklistedtoken",
  "pk": 64,
  "fields": {
    "token": 64,
    "blacklisted_at": "2025-05-13T23:09:41.935Z"
  }
},
{
  "model": "token_blacklist.blacklistedtoken",
  "pk": 66,
  "fields": {
    "token": 72,
    "blacklisted_at": "2025-05-13T23:11:55.752Z"
  }
},
{
  "model": "token_blacklist.blacklistedtoken",
  "pk": 68,
  "fields": {
    "token": 75,
    "blacklisted_at": "2025-05-14T10:01:52.690Z"
  }
},
{
  "model": "token_blacklist.blacklistedtoken",
  "pk": 69,
  "fields": {
    "token": 77,
    "blacklisted_at": "2025-05-14T13:20:45.162Z"
  }
},
{
  "model": "token_blacklist.blacklistedtoken",
  "pk": 70,
  "fields": {
    "token": 89,
    "blacklisted_at": "2025-05-14T22:29:26.984Z"
  }
},
{
  "model": "token_blacklist.blacklistedtoken",
  "pk": 73,
  "fields": {
    "token": 90,
    "blacklisted_at": "2025-05-15T03:46:54.501Z"
  }
},
{
  "model": "users.user",
  "pk": 1,
  "fields": {
    "password": "argon2$argon2id$v=19$m=102400,t=2,p=8$RDdnMUFQSGJwdFhBdzBaMFZaSW9vSQ$OLuD52vF0u2g/S5T9Mds5T77Spt2vkt1hBUHhMCQklw",
    "last_login": null,
    "is_superuser": true,
    "email": "impanomanzienock@gmail.com",
    "first_name": "",
    "last_name": "",
    "role": "admin",
    "is_active": true,
    "is_staff": true,
    "date_joined": "2025-05-12T13:19:26.470Z",
    "groups": [],
    "user_permissions": []
  }
},
{
  "model": "users.user",
  "pk": 2,
  "fields": {
    "password": "argon2$argon2id$v=19$m=102400,t=2,p=8$YzduY244MGNwVWtuQjlVWDVvWmdJOA$inDEbWu6bvZ51vUbHmkcc4JJ1t/HGqWlhYKwUxZa2Xo",
    "last_login": null,
    "is_superuser": false,
    "email": "impanomanzienock1@gmail.com",
    "first_name": "",
    "last_name": "",
    "role": "instructor",
    "is_active": true,
    "is_staff": false,
    "date_joined": "2025-05-12T14:43:35.225Z",
    "groups": [],
    "user_permissions": []
  }
},
{
  "model": "users.user",
  "pk": 3,
  "fields": {
    "password": "argon2$argon2id$v=19$m=102400,t=2,p=8$dkhISmFjOTlKR3ZQUXV4RTRrNTJVVw$I8PiehOBX5MZeCbDzCut1WlZMzshS0UzSA2dg4r9KNI",
    "last_login": null,
    "is_superuser": false,
    "email": "impanodeveloper@proton.me",
    "first_name": "",
    "last_name": "",
    "role": "student",
    "is_active": true,
    "is_staff": false,
    "date_joined": "2025-05-12T16:32:16.623Z",
    "groups": [],
    "user_permissions": []
  }
},
{
  "model": "users.user",
  "pk": 4,
  "fields": {
    "password": "argon2$argon2id$v=19$m=102400,t=2,p=8$UjZ3MU9lY2ZuWjNHOEdBOUlYMUh5MQ$NjWFeoBOtBzCJ+Y+d9Xc8mqRzeKiSA8aoBgpvKqySzM",
    "last_login": null,
    "is_superuser": false,
    "email": "impanodeveloper1@proton.me",
    "first_name": "",
    "last_name": "",
    "role": "student",
    "is_active": true,
    "is_staff": false,
    "date_joined": "2025-05-12T16:33:58.892Z",
    "groups": [],
    "user_permissions": []
  }
},
{
  "model": "users.user",
  "pk": 5,
  "fields": {
    "password": "argon2$argon2id$v=19$m=102400,t=2,p=8$S1ZvMFpmSnlvbzh0SXZiUEhXQlV3eA$AxIfew274/xKTv/FGd6nJ/8baGXYOdD6kWhhDxgLR20",
    "last_login": null,
    "is_superuser": false,
    "email": "impanodeveloper12@proton.me",
    "first_name": "",
    "last_name": "",
    "role": "student",
    "is_active": true,
    "is_staff": false,
    "date_joined": "2025-05-12T16:36:16.899Z",
    "groups": [],
    "user_permissions": []
  }
},
{
  "model": "users.user",
  "pk": 6,
  "fields": {
    "password": "argon2$argon2id$v=19$m=102400,t=2,p=8$bThVT0tKN01XSnp2N3B1ZnFwMFQ5VA$ZCXoHxOcNvgfRSd0Mh627YEU0t7WuatPnCH4WEah1VQ",
    "last_login": null,
    "is_superuser": false,
    "email": "impanodeveloper1234@proton.me",
    "first_name": "",
    "last_name": "",
    "role": "student",
    "is_active": true,
    "is_staff": false,
    "date_joined": "2025-05-12T16:42:03.451Z",
    "groups": [],
    "user_permissions": []
  }
},
{
  "model": "users.user",
  "pk": 10,
  "fields": {
    "password": "argon2$argon2id$v=19$m=102400,t=2,p=8$TEdyVW9scnZNaTcxMGw0T0RxekdyZg$QsnJpPIbUFQJW/Gp7NcU5tWxBZexy1RFA1Xlsv38AEg",
    "last_login": null,
    "is_superuser": false,
    "email": "impanodeveloper1237@proton.me",
    "first_name": "",
    "last_name": "",
    "role": "student",
    "is_active": true,
    "is_staff": false,
    "date_joined": "2025-05-12T16:47:28.073Z",
    "groups": [],
    "user_permissions": []
  }
},
{
  "model": "users.user",
  "pk": 11,
  "fields": {
    "password": "argon2$argon2id$v=19$m=102400,t=2,p=8$SnNKWm5lMk9aWklIOTJEbXBxZmZYSg$fEvkUKvvUUvB8Ag20tOuglx6yUV7Rr2n6IR84vEieiU",
    "last_login": null,
    "is_superuser": false,
    "email": "impanomanzienock234@gmail.com",
    "first_name": "",
    "last_name": "",
    "role": "admin",
    "is_active": true,
    "is_staff": false,
    "date_joined": "2025-05-12T19:13:39.781Z",
    "groups": [],
    "user_permissions": []
  }
},
{
  "model": "users.user",
  "pk": 14,
  "fields": {
    "password": "argon2$argon2id$v=19$m=102400,t=2,p=8$OVdRNjBFbnpZUjNHbzRha1B5VEJLVQ$Aupzq0ev4tmpkEA+ym7R8VUp/Jvf9l7kMi+2FdtKiFw",
    "last_login": null,
    "is_superuser": false,
    "email": "impanodeveloper3@proton.me",
    "first_name": "",
    "last_name": "",
    "role": "student",
    "is_active": true,
    "is_staff": false,
    "date_joined": "2025-05-13T22:06:19.954Z",
    "groups": [],
    "user_permissions": []
  }
},
{
  "model": "users.user",
  "pk": 15,
  "fields": {
    "password": "argon2$argon2id$v=19$m=102400,t=2,p=8$UUFOMDVTUEpMODZrVVFkZkNGVFpmRQ$5wDYv/1YZqS1P244s4I7R55FW9bAJiGur0oQte6vASM",
    "last_login": null,
    "is_superuser": false,
    "email": "impanodeveloper4@proton.me",
    "first_name": "",
    "last_name": "",
    "role": "student",
    "is_active": true,
    "is_staff": false,
    "date_joined": "2025-05-13T22:06:29.100Z",
    "groups": [],
    "user_permissions": []
  }
},
{
  "model": "users.user",
  "pk": 16,
  "fields": {
    "password": "argon2$argon2id$v=19$m=102400,t=2,p=8$eVRrMnZ6dGNRMjlwcGMxVnNlRU1odA$K8fMoQHmrMV9xBDzyJNGy9LCC1TTJO90Ic/oiRRHZFw",
    "last_login": null,
    "is_superuser": false,
    "email": "impanodeveloper5@proton.me",
    "first_name": "",
    "last_name": "",
    "role": "student",
    "is_active": true,
    "is_staff": false,
    "date_joined": "2025-05-13T22:06:40.461Z",
    "groups": [],
    "user_permissions": []
  }
},
{
  "model": "users.user",
  "pk": 17,
  "fields": {
    "password": "argon2$argon2id$v=19$m=102400,t=2,p=8$bEpKelE5NmxsNDRNQXVScnh5S3drdQ$8jkakLDSMEVTjWnl/vfF/Kr5w5gPZY8HjlHmAUdOzLE",
    "last_login": null,
    "is_superuser": false,
    "email": "impanodeveloper6@proton.me",
    "first_name": "",
    "last_name": "",
    "role": "student",
    "is_active": true,
    "is_staff": false,
    "date_joined": "2025-05-13T22:06:54.519Z",
    "groups": [],
    "user_permissions": []
  }
},
{
  "model": "users.user",
  "pk": 18,
  "fields": {
    "password": "argon2$argon2id$v=19$m=102400,t=2,p=8$SUJIVzl4am95cmFRM1h2RDJDdHVQcw$aCTHg11wmlJS/oS+6A9L5He1W3h8kUSN5t0Ii//apQ0",
    "last_login": null,
    "is_superuser": false,
    "email": "impanodeveloper10@proton.me",
    "first_name": "",
    "last_name": "",
    "role": "student",
    "is_active": true,
    "is_staff": false,
    "date_joined": "2025-05-14T14:33:02.818Z",
    "groups": [],
    "user_permissions": []
  }
},
{
  "model": "users.user",
  "pk": 19,
  "fields": {
    "password": "argon2$argon2id$v=19$m=102400,t=2,p=8$VEl4c0JKbVExZDJEMU1nT3dyV3luMw$fPWFX6oFHUWaMVY2oX2DluSR+kpaPA/HgYZ5fQrSqCM",
    "last_login": null,
    "is_superuser": false,
    "email": "impanodeveloper11@proton.me",
    "first_name": "",
    "last_name": "",
    "role": "student",
    "is_active": true,
    "is_staff": false,
    "date_joined": "2025-05-14T14:33:37.630Z",
    "groups": [],
    "user_permissions": []
  }
},
{
  "model": "users.user",
  "pk": 20,
  "fields": {
    "password": "argon2$argon2id$v=19$m=102400,t=2,p=8$Y3NTZUYyRVVwYnN3MkRXM0w2d3VuTg$EHnPpYAN0lGVFZavFfMj9eptzJ5Y2Xbl9O8p5k6m0+k",
    "last_login": null,
    "is_superuser": false,
    "email": "impanodeveloper13@proton.me",
    "first_name": "",
    "last_name": "",
    "role": "student",
    "is_active": true,
    "is_staff": false,
    "date_joined": "2025-05-14T14:34:09.082Z",
    "groups": [],
    "user_permissions": []
  }
},
{
  "model": "users.user",
  "pk": 21,
  "fields": {
    "password": "argon2$argon2id$v=19$m=102400,t=2,p=8$bGpJZm92bVEzdkdZWEZuNkMxY1FQRw$JSW3tI0FuijgEIMfD4q+/UEIwWrK5QOQDiGcb1CS/mc",
    "last_login": null,
    "is_superuser": false,
    "email": "impanodeveloper14@proton.me",
    "first_name": "",
    "last_name": "",
    "role": "student",
    "is_active": true,
    "is_staff": false,
    "date_joined": "2025-05-14T14:34:22.725Z",
    "groups": [],
    "user_permissions": []
  }
},
{
  "model": "users.user",
  "pk": 22,
  "fields": {
    "password": "argon2$argon2id$v=19$m=102400,t=2,p=8$blRWVkQ5aEVPTHdoNTVXTXBtN0tEcA$p91LTBH3QQtWy2ODhV+kdcPCRu/WqgJuBypBewdGN3A",
    "last_login": null,
    "is_superuser": false,
    "email": "impanodeveloper15@proton.me",
    "first_name": "",
    "last_name": "",
    "role": "student",
    "is_active": true,
    "is_staff": false,
    "date_joined": "2025-05-14T14:34:33.055Z",
    "groups": [],
    "user_permissions": []
  }
},
{
  "model": "users.user",
  "pk": 23,
  "fields": {
    "password": "argon2$argon2id$v=19$m=102400,t=2,p=8$cUNaVmdydzg3UHRNbXUzdTRURDFEag$XRD6eq+G0wZ2PM8juBbsirDBz1P4HWZhChH+C5EjRjU",
    "last_login": null,
    "is_superuser": false,
    "email": "impanodeveloper16@proton.me",
    "first_name": "",
    "last_name": "",
    "role": "student",
    "is_active": true,
    "is_staff": false,
    "date_joined": "2025-05-14T14:34:44.794Z",
    "groups": [],
    "user_permissions": []
  }
},
{
  "model": "users.user",
  "pk": 24,
  "fields": {
    "password": "argon2$argon2id$v=19$m=102400,t=2,p=8$c2tvVmZGeUZkNWRSZnJxeWhiMEczVQ$/zZaR5h74QLqERrEDCjTymprKwMtg8wjmizXWts6zhA",
    "last_login": null,
    "is_superuser": false,
    "email": "impanodeveloper17@proton.me",
    "first_name": "",
    "last_name": "",
    "role": "student",
    "is_active": true,
    "is_staff": false,
    "date_joined": "2025-05-14T14:35:00.256Z",
    "groups": [],
    "user_permissions": []
  }
},
{
  "model": "users.user",
  "pk": 25,
  "fields": {
    "password": "argon2$argon2id$v=19$m=102400,t=2,p=8$MndCNVFXS0dLYktoR1drUDJNb2trcQ$wJLtnACKCc6ik4PQiqPS6gOQ4zP3966bk29KsWoTnFg",
    "last_login": null,
    "is_superuser": false,
    "email": "impanodeveloper18@proton.me",
    "first_name": "",
    "last_name": "",
    "role": "student",
    "is_active": true,
    "is_staff": false,
    "date_joined": "2025-05-14T14:35:20.865Z",
    "groups": [],
    "user_permissions": []
  }
},
{
  "model": "users.user",
  "pk": 26,
  "fields": {
    "password": "argon2$argon2id$v=19$m=102400,t=2,p=8$RmhZMDl4dGM4Q0tkMjB1bzdQdDdyTw$6275ssywSXEZZZ/U6yJCgk6ZKssd9wQ5cAotkKKa8Ss",
    "last_login": null,
    "is_superuser": false,
    "email": "impanodeveloper19@proton.me",
    "first_name": "",
    "last_name": "",
    "role": "student",
    "is_active": true,
    "is_staff": false,
    "date_joined": "2025-05-14T14:35:43.375Z",
    "groups": [],
    "user_permissions": []
  }
},
{
  "model": "users.user",
  "pk": 27,
  "fields": {
    "password": "argon2$argon2id$v=19$m=102400,t=2,p=8$bXdKMnlyVUZHYzJ5b29hNlJTMjh3Sw$+odgyUpV/qlH35+beb91058HkB+REMsLFfwVkXA0wxA",
    "last_login": null,
    "is_superuser": false,
    "email": "impanodeveloper20@proton.me",
    "first_name": "",
    "last_name": "",
    "role": "student",
    "is_active": true,
    "is_staff": false,
    "date_joined": "2025-05-14T14:35:55.175Z",
    "groups": [],
    "user_permissions": []
  }
},
{
  "model": "users.user",
  "pk": 28,
  "fields": {
    "password": "argon2$argon2id$v=19$m=102400,t=2,p=8$UUFMbTFuUFZUQjdkclhUaGY5MEdneg$yOrymovAWht0CIb/SWY+TNvMBW/n6iVIhH67O3/mHaw",
    "last_login": null,
    "is_superuser": false,
    "email": "impanodeveloper21@proton.me",
    "first_name": "",
    "last_name": "",
    "role": "student",
    "is_active": true,
    "is_staff": false,
    "date_joined": "2025-05-14T14:36:07.838Z",
    "groups": [],
    "user_permissions": []
  }
},
{
  "model": "users.user",
  "pk": 29,
  "fields": {
    "password": "argon2$argon2id$v=19$m=102400,t=2,p=8$R3dPcmRuc0ZHcmFTMmdJSTBvNkNRTA$GNGn+k5VuAsZKkN6OEHMzPyj2hp0jkvlpP1kZ1MBrgk",
    "last_login": null,
    "is_superuser": false,
    "email": "impanodeveloper22@proton.me",
    "first_name": "",
    "last_name": "",
    "role": "student",
    "is_active": true,
    "is_staff": false,
    "date_joined": "2025-05-14T14:36:17.419Z",
    "groups": [],
    "user_permissions": []
  }
},
{
  "model": "users.user",
  "pk": 30,
  "fields": {
    "password": "argon2$argon2id$v=19$m=102400,t=2,p=8$ME9WTmh3dXBHSkc3TjBzcUxnRFp3WA$9zn0KhltNi3rOUaYgXhyv78bl4TAfdLgrb2lxh9MCss",
    "last_login": null,
    "is_superuser": false,
    "email": "impanodeveloper23@proton.me",
    "first_name": "",
    "last_name": "",
    "role": "student",
    "is_active": true,
    "is_staff": false,
    "date_joined": "2025-05-14T14:36:27.770Z",
    "groups": [],
    "user_permissions": []
  }
},
{
  "model": "users.user",
  "pk": 31,
  "fields": {
    "password": "argon2$argon2id$v=19$m=102400,t=2,p=8$U3FBaHpQdDlUaDdub0d0b29jQXQzMw$yNaGZG4JW+RoJAFhxvqFd3IATPSWFefS/d5qd3rVNiY",
    "last_login": null,
    "is_superuser": false,
    "email": "impanodeveloper24@proton.me",
    "first_name": "",
    "last_name": "",
    "role": "student",
    "is_active": true,
    "is_staff": false,
    "date_joined": "2025-05-14T14:36:38.904Z",
    "groups": [],
    "user_permissions": []
  }
},
{
  "model": "users.user",
  "pk": 32,
  "fields": {
    "password": "argon2$argon2id$v=19$m=102400,t=2,p=8$dUFJWjc4c0NNdEpGM1AxbXhudktsdA$SJ47vMTAuP/3DPnydKHtj51nbRYSRuwQD88B1Ogf/Zw",
    "last_login": null,
    "is_superuser": false,
    "email": "impanodeveloper25@proton.me",
    "first_name": "",
    "last_name": "",
    "role": "student",
    "is_active": true,
    "is_staff": false,
    "date_joined": "2025-05-14T14:36:55.675Z",
    "groups": [],
    "user_permissions": []
  }
},
{
  "model": "users.user",
  "pk": 33,
  "fields": {
    "password": "argon2$argon2id$v=19$m=102400,t=2,p=8$N1RsbXNDWHRhU05OemQyNWZqTlFmZw$3NsVdD3NM/uE8qgYmvlQbsXkMbhkBuLd7qctGV6TToo",
    "last_login": null,
    "is_superuser": false,
    "email": "impanodeveloper26@proton.me",
    "first_name": "",
    "last_name": "",
    "role": "student",
    "is_active": true,
    "is_staff": false,
    "date_joined": "2025-05-14T14:37:06.848Z",
    "groups": [],
    "user_permissions": []
  }
},
{
  "model": "users.user",
  "pk": 34,
  "fields": {
    "password": "argon2$argon2id$v=19$m=102400,t=2,p=8$MG43V3ZSZWRZNFJZMzh2WXNhWTB2eA$TORl+37GcGyGb4dUw95v7p6XIy7a7d3EEFXXA8gJCcM",
    "last_login": null,
    "is_superuser": false,
    "email": "impanodeveloper27@proton.me",
    "first_name": "",
    "last_name": "",
    "role": "student",
    "is_active": true,
    "is_staff": false,
    "date_joined": "2025-05-14T14:37:16.929Z",
    "groups": [],
    "user_permissions": []
  }
},
{
  "model": "users.user",
  "pk": 35,
  "fields": {
    "password": "argon2$argon2id$v=19$m=102400,t=2,p=8$Z2N3Z3l4YnFoNzBHeVNGN0I0MUNpeA$j4MCPS6ZhHj5laqcYufWhEF08Je0LfPn8P68Q0z9nI0",
    "last_login": null,
    "is_superuser": false,
    "email": "impanodeveloper28@proton.me",
    "first_name": "",
    "last_name": "",
    "role": "student",
    "is_active": true,
    "is_staff": false,
    "date_joined": "2025-05-14T14:37:30.159Z",
    "groups": [],
    "user_permissions": []
  }
},
{
  "model": "users.user",
  "pk": 36,
  "fields": {
    "password": "argon2$argon2id$v=19$m=102400,t=2,p=8$TlhoeEwzdG9Zd2JvQ0Mwa2F2SzRyVw$gjpjx1fW6ICkpYR3ug3uzMW3KPcvBh/BrjG08/SAxAE",
    "last_login": null,
    "is_superuser": false,
    "email": "impanodeveloper29@proton.me",
    "first_name": "",
    "last_name": "",
    "role": "student",
    "is_active": true,
    "is_staff": false,
    "date_joined": "2025-05-14T14:37:50.818Z",
    "groups": [],
    "user_permissions": []
  }
},
{
  "model": "users.user",
  "pk": 37,
  "fields": {
    "password": "argon2$argon2id$v=19$m=102400,t=2,p=8$NWh2VTN1TWRZMGlEclhETW1hZGNmaQ$UU6qBv3kann7fBMd8IXsY3cCn0gON7Jx+cRExsX+eN8",
    "last_login": null,
    "is_superuser": false,
    "email": "impanodeveloper30@proton.me",
    "first_name": "",
    "last_name": "",
    "role": "student",
    "is_active": true,
    "is_staff": false,
    "date_joined": "2025-05-14T14:38:00.872Z",
    "groups": [],
    "user_permissions": []
  }
},
{
  "model": "users.user",
  "pk": 38,
  "fields": {
    "password": "argon2$argon2id$v=19$m=102400,t=2,p=8$Yk5tOG9TU0lxaHNsdEpWSDRmSlNqeg$tFJP8DipQE2MbVWKndGmT+I8133v60XyQ781J0NHk5U",
    "last_login": null,
    "is_superuser": false,
    "email": "impanodeveloper31@proton.me",
    "first_name": "",
    "last_name": "",
    "role": "student",
    "is_active": true,
    "is_staff": false,
    "date_joined": "2025-05-14T14:38:11.045Z",
    "groups": [],
    "user_permissions": []
  }
},
{
  "model": "users.user",
  "pk": 39,
  "fields": {
    "password": "argon2$argon2id$v=19$m=102400,t=2,p=8$WTJINFBrdVVzV3d0NkZUdEwxdmVtSg$1JMclENqnAWrVoRJdR32FKIAOk863zCnVMToZb8Xqqw",
    "last_login": null,
    "is_superuser": false,
    "email": "impanodeveloper32@proton.me",
    "first_name": "",
    "last_name": "",
    "role": "student",
    "is_active": true,
    "is_staff": false,
    "date_joined": "2025-05-14T14:38:22.445Z",
    "groups": [],
    "user_permissions": []
  }
},
{
  "model": "users.user",
  "pk": 40,
  "fields": {
    "password": "argon2$argon2id$v=19$m=102400,t=2,p=8$ZG42bnUwQURGWGpBWnlQUTgwS25UUw$/Y9wmyDizHJ86n0MxWq7jb/DZVZcO4GqIg2089havYU",
    "last_login": null,
    "is_superuser": false,
    "email": "impanodeveloper33@proton.me",
    "first_name": "",
    "last_name": "",
    "role": "student",
    "is_active": true,
    "is_staff": false,
    "date_joined": "2025-05-14T14:38:34.903Z",
    "groups": [],
    "user_permissions": []
  }
},
{
  "model": "users.user",
  "pk": 41,
  "fields": {
    "password": "argon2$argon2id$v=19$m=102400,t=2,p=8$VHBMUFJTTUJwNEhBckozZGF5SUhxQQ$apI6dKqZzYBDJXAXO2dXKNQPgj95ePh6E2vLnAFmPrg",
    "last_login": null,
    "is_superuser": false,
    "email": "impanodeveloper34@proton.me",
    "first_name": "",
    "last_name": "",
    "role": "student",
    "is_active": true,
    "is_staff": false,
    "date_joined": "2025-05-14T14:38:44.636Z",
    "groups": [],
    "user_permissions": []
  }
},
{
  "model": "users.user",
  "pk": 42,
  "fields": {
    "password": "argon2$argon2id$v=19$m=102400,t=2,p=8$eElXU05GUVN0M25PMlRDYUx6WERDNg$CYivUHDEDsSg2n+pNoQyg/bXNZ02EK7vLtPUSwWoyr8",
    "last_login": null,
    "is_superuser": false,
    "email": "impanodeveloper35@proton.me",
    "first_name": "",
    "last_name": "",
    "role": "student",
    "is_active": true,
    "is_staff": false,
    "date_joined": "2025-05-14T14:38:54.957Z",
    "groups": [],
    "user_permissions": []
  }
},
{
  "model": "users.user",
  "pk": 43,
  "fields": {
    "password": "argon2$argon2id$v=19$m=102400,t=2,p=8$M2gyQXNFZXFEa1RiYzVFUnpwemtUdw$f6X3qtNmiBIfHgkhIq/6m3G4TJ7VsPz2pnK6x02oUYc",
    "last_login": null,
    "is_superuser": false,
    "email": "impanodeveloper37@proton.me",
    "first_name": "",
    "last_name": "",
    "role": "student",
    "is_active": true,
    "is_staff": false,
    "date_joined": "2025-05-14T14:39:19.067Z",
    "groups": [],
    "user_permissions": []
  }
},
{
  "model": "users.user",
  "pk": 44,
  "fields": {
    "password": "argon2$argon2id$v=19$m=102400,t=2,p=8$Zm0wWGppVkVhTUEyM3RkUFRwOEtPSA$uMinyTlHyxr9gRD054udLh/q5jDk3rCNh24Aq8zeIR8",
    "last_login": null,
    "is_superuser": false,
    "email": "impanodeveloper38@proton.me",
    "first_name": "",
    "last_name": "",
    "role": "student",
    "is_active": true,
    "is_staff": false,
    "date_joined": "2025-05-14T14:39:36.183Z",
    "groups": [],
    "user_permissions": []
  }
},
{
  "model": "users.user",
  "pk": 45,
  "fields": {
    "password": "argon2$argon2id$v=19$m=102400,t=2,p=8$RnhPZERLejByTG5XekxiT0JaYlRoUQ$fAH3/ZVxclx5kDc4EfRAdDl29Aad9N/TJqrWyi4jIjk",
    "last_login": null,
    "is_superuser": false,
    "email": "impanodeveloper39@proton.me",
    "first_name": "",
    "last_name": "",
    "role": "student",
    "is_active": true,
    "is_staff": false,
    "date_joined": "2025-05-14T14:39:46.760Z",
    "groups": [],
    "user_permissions": []
  }
},
{
  "model": "users.user",
  "pk": 46,
  "fields": {
    "password": "argon2$argon2id$v=19$m=102400,t=2,p=8$RnhQUWVuczJPVERYekkxOVJMRWJEYw$wPb0+B4hkjuaW/pzQ6ov55PvaGoniWrDdvj+SnNJE5c",
    "last_login": null,
    "is_superuser": false,
    "email": "impanodeveloper40@proton.me",
    "first_name": "",
    "last_name": "",
    "role": "student",
    "is_active": true,
    "is_staff": false,
    "date_joined": "2025-05-14T14:39:59.340Z",
    "groups": [],
    "user_permissions": []
  }
},
{
  "model": "users.user",
  "pk": 47,
  "fields": {
    "password": "argon2$argon2id$v=19$m=102400,t=2,p=8$V3JhQzU4YllFMGdjaW5ad2xQWmNXWg$t/GJbpsIIGKs2mb+HIETnD/iGB8KDFgtjwtMEK/5O9Y",
    "last_login": null,
    "is_superuser": false,
    "email": "impanodeveloper41@proton.me",
    "first_name": "",
    "last_name": "",
    "role": "student",
    "is_active": true,
    "is_staff": false,
    "date_joined": "2025-05-14T14:40:58.568Z",
    "groups": [],
    "user_permissions": []
  }
},
{
  "model": "users.user",
  "pk": 48,
  "fields": {
    "password": "argon2$argon2id$v=19$m=102400,t=2,p=8$WGVLZnlmNEtDbTljSWJ6bEZvQ2NXRw$VBZ4jnASnpe1HKKsMeWJyaaW7WaXzGclxyaiPaZoEqU",
    "last_login": null,
    "is_superuser": false,
    "email": "impanodeveloper42@proton.me",
    "first_name": "",
    "last_name": "",
    "role": "student",
    "is_active": true,
    "is_staff": false,
    "date_joined": "2025-05-14T14:41:27.439Z",
    "groups": [],
    "user_permissions": []
  }
},
{
  "model": "users.user",
  "pk": 49,
  "fields": {
    "password": "argon2$argon2id$v=19$m=102400,t=2,p=8$c3I3dVlSeXpIRFRMUlcxcEJpVU9IdQ$FciOOcXS6szlJmgy3Vzx50HJ34Bt1GhKfQN8AndLVmo",
    "last_login": null,
    "is_superuser": false,
    "email": "impanodeveloper43@proton.me",
    "first_name": "",
    "last_name": "",
    "role": "student",
    "is_active": true,
    "is_staff": false,
    "date_joined": "2025-05-14T14:41:40.330Z",
    "groups": [],
    "user_permissions": []
  }
},
{
  "model": "users.user",
  "pk": 50,
  "fields": {
    "password": "argon2$argon2id$v=19$m=102400,t=2,p=8$dUJHVjNib0JnWFFwYTd4VTRBeVh3NA$zhOTGeL2n6w4d0x74G1rmAquqEWIwnxdGsxch7qUlwU",
    "last_login": null,
    "is_superuser": false,
    "email": "impanodeveloper44@proton.me",
    "first_name": "",
    "last_name": "",
    "role": "student",
    "is_active": true,
    "is_staff": false,
    "date_joined": "2025-05-14T14:41:49.161Z",
    "groups": [],
    "user_permissions": []
  }
},
{
  "model": "users.user",
  "pk": 51,
  "fields": {
    "password": "argon2$argon2id$v=19$m=102400,t=2,p=8$S1NHd29yMzFYYmRDbEYyUW80ODFmTA$hZf1GYBbBD2P+RyypSxi/4Cq+4MvMsiItwNAex4uyuU",
    "last_login": null,
    "is_superuser": false,
    "email": "impanodeveloper45@proton.me",
    "first_name": "",
    "last_name": "",
    "role": "student",
    "is_active": true,
    "is_staff": false,
    "date_joined": "2025-05-14T14:41:59.170Z",
    "groups": [],
    "user_permissions": []
  }
},
{
  "model": "users.user",
  "pk": 52,
  "fields": {
    "password": "argon2$argon2id$v=19$m=102400,t=2,p=8$NTQ3RmRvcmF0WHJQdnhLTnVTSkhxQg$YmsPaSXDtERKDq0Vn7zD3nRw+B3k9wLi86ojwvooy+A",
    "last_login": null,
    "is_superuser": false,
    "email": "impanodeveloper46@proton.me",
    "first_name": "",
    "last_name": "",
    "role": "student",
    "is_active": true,
    "is_staff": false,
    "date_joined": "2025-05-14T14:42:09.847Z",
    "groups": [],
    "user_permissions": []
  }
},
{
  "model": "users.user",
  "pk": 53,
  "fields": {
    "password": "argon2$argon2id$v=19$m=102400,t=2,p=8$UDkyNWdmVHVYOFZLZDY5Qm1YbzU5Qw$8TUqA4vG5A7q82Yen/2wc/pe0ufvZFCMurdioawHKlw",
    "last_login": null,
    "is_superuser": false,
    "email": "impanodeveloper47@proton.me",
    "first_name": "",
    "last_name": "",
    "role": "student",
    "is_active": true,
    "is_staff": false,
    "date_joined": "2025-05-14T14:42:20.679Z",
    "groups": [],
    "user_permissions": []
  }
},
{
  "model": "users.user",
  "pk": 54,
  "fields": {
    "password": "argon2$argon2id$v=19$m=102400,t=2,p=8$VGVPRGs3SEVjaUdLN0pyV0p5cm80TQ$YLgOwoiw9CRAaMyCXZzyY3TlhPjYuvtFYeYf/hqWIrs",
    "last_login": null,
    "is_superuser": false,
    "email": "impanodeveloper48@proton.me",
    "first_name": "",
    "last_name": "",
    "role": "student",
    "is_active": true,
    "is_staff": false,
    "date_joined": "2025-05-14T14:42:30.945Z",
    "groups": [],
    "user_permissions": []
  }
},
{
  "model": "users.user",
  "pk": 55,
  "fields": {
    "password": "argon2$argon2id$v=19$m=102400,t=2,p=8$ZXAxRTQwcE9ISUVRbkRsNFV5cEI5Mg$ajCCLydsI6xAKcj0h6ijMc2XCZrw7b6ns8SFRA28pWE",
    "last_login": null,
    "is_superuser": false,
    "email": "impanodeveloper49@proton.me",
    "first_name": "",
    "last_name": "",
    "role": "student",
    "is_active": true,
    "is_staff": false,
    "date_joined": "2025-05-14T14:42:41.441Z",
    "groups": [],
    "user_permissions": []
  }
},
{
  "model": "users.user",
  "pk": 56,
  "fields": {
    "password": "argon2$argon2id$v=19$m=102400,t=2,p=8$UFJjTlAzaW81N0I5THhsUlhtWm5pVQ$Z9gqJ6HnICCCxLJl0cTQ4Up1x+jtY2TXxtcRBsLptLY",
    "last_login": null,
    "is_superuser": false,
    "email": "impanodeveloper50@proton.me",
    "first_name": "",
    "last_name": "",
    "role": "student",
    "is_active": true,
    "is_staff": false,
    "date_joined": "2025-05-14T14:42:51.589Z",
    "groups": [],
    "user_permissions": []
  }
},
{
  "model": "users.user",
  "pk": 62,
  "fields": {
    "password": "argon2$argon2id$v=19$m=102400,t=2,p=8$elpCVWVQd015a3BsbGxRUmJNUHRPWA$xV2OCQXOoh7EkvxlIvf2h5BTRhp9FltCQpdAem2avzI",
    "last_login": null,
    "is_superuser": false,
    "email": "impanodeveloper58@proton.me",
    "first_name": "",
    "last_name": "",
    "role": "student",
    "is_active": true,
    "is_staff": false,
    "date_joined": "2025-05-14T14:44:18.091Z",
    "groups": [],
    "user_permissions": []
  }
},
{
  "model": "users.user",
  "pk": 63,
  "fields": {
    "password": "argon2$argon2id$v=19$m=102400,t=2,p=8$OVNTV1QzVDhreFlCQ2VTOTJ1NTFucw$zYFc1rVQwT2n4I/bFrjuW19D7XeZQnwQinO7LpcGK5o",
    "last_login": null,
    "is_superuser": false,
    "email": "impanodeveloper59@proton.me",
    "first_name": "",
    "last_name": "",
    "role": "student",
    "is_active": true,
    "is_staff": false,
    "date_joined": "2025-05-14T14:44:31.167Z",
    "groups": [],
    "user_permissions": []
  }
},
{
  "model": "users.user",
  "pk": 64,
  "fields": {
    "password": "argon2$argon2id$v=19$m=102400,t=2,p=8$bWtncVFYQlZmRE5HTmRWOTJlc0I4Sg$JKJdpyY+LIn72wVZwSmRf1xclIFBIlgZ/Vbd7gB9+qw",
    "last_login": null,
    "is_superuser": false,
    "email": "impanodeveloper60@proton.me",
    "first_name": "",
    "last_name": "",
    "role": "student",
    "is_active": true,
    "is_staff": false,
    "date_joined": "2025-05-14T14:44:42.699Z",
    "groups": [],
    "user_permissions": []
  }
},
{
  "model": "users.user",
  "pk": 65,
  "fields": {
    "password": "argon2$argon2id$v=19$m=102400,t=2,p=8$WmMxdGZaSnpON1VrYm1RY2t0UXJ3Zg$XA41RdsTH37RPgodZt18pSBrKEDOOYZNPTHdIb1wUUE",
    "last_login": null,
    "is_superuser": false,
    "email": "impanodeveloper61@proton.me",
    "first_name": "",
    "last_name": "",
    "role": "student",
    "is_active": true,
    "is_staff": false,
    "date_joined": "2025-05-14T14:44:56.876Z",
    "groups": [],
    "user_permissions": []
  }
},
{
  "model": "users.user",
  "pk": 66,
  "fields": {
    "password": "argon2$argon2id$v=19$m=102400,t=2,p=8$RmVhYW9UQW91Tk1HM0lUd09YWnlZSA$1M75TRYdylUquld/r9SruJa2y1EdBr9Ka/1DjJf40zA",
    "last_login": null,
    "is_superuser": false,
    "email": "impanodeveloper62@proton.me",
    "first_name": "",
    "last_name": "",
    "role": "student",
    "is_active": true,
    "is_staff": false,
    "date_joined": "2025-05-14T14:45:08.820Z",
    "groups": [],
    "user_permissions": []
  }
},
{
  "model": "users.user",
  "pk": 67,
  "fields": {
    "password": "argon2$argon2id$v=19$m=102400,t=2,p=8$UG0zUzZHU1BnTHlHaUJ0dlEzWERyMg$L9CRmhfDn/oIzqkVxcyTy4jTNh8+umQl5jVpYvLrsQI",
    "last_login": null,
    "is_superuser": false,
    "email": "impanodeveloper63@proton.me",
    "first_name": "",
    "last_name": "",
    "role": "student",
    "is_active": true,
    "is_staff": false,
    "date_joined": "2025-05-14T14:45:20.905Z",
    "groups": [],
    "user_permissions": []
  }
},
{
  "model": "users.user",
  "pk": 68,
  "fields": {
    "password": "argon2$argon2id$v=19$m=102400,t=2,p=8$WWZ0QWlKb2xIc1NtdmhWeWtBVG1Qeg$Cw7ChuiZ21DUtN5+A7HNeDDD640u9+SpiOyeOZUWU5M",
    "last_login": null,
    "is_superuser": false,
    "email": "impanodeveloper64@proton.me",
    "first_name": "",
    "last_name": "",
    "role": "student",
    "is_active": true,
    "is_staff": false,
    "date_joined": "2025-05-14T14:45:32.036Z",
    "groups": [],
    "user_permissions": []
  }
},
{
  "model": "users.user",
  "pk": 69,
  "fields": {
    "password": "argon2$argon2id$v=19$m=102400,t=2,p=8$amowV3RmQmNTNFlCeDdnTjEweVF6ag$EwTuo3XaoCqjxEGh2sHDxhyQ8KN2qOdV35RDhcwhPyM",
    "last_login": null,
    "is_superuser": false,
    "email": "impanodeveloper65@proton.me",
    "first_name": "",
    "last_name": "",
    "role": "student",
    "is_active": true,
    "is_staff": false,
    "date_joined": "2025-05-14T14:45:43.725Z",
    "groups": [],
    "user_permissions": []
  }
},
{
  "model": "users.user",
  "pk": 70,
  "fields": {
    "password": "argon2$argon2id$v=19$m=102400,t=2,p=8$YzQ0SDRvNm4yYmoxcGNZV0xjRHplUQ$vl5aqppClZyDz/B+pXDdqVwJWZ7jSmI7MpA7AdJ0osY",
    "last_login": null,
    "is_superuser": false,
    "email": "impanodeveloper66@proton.me",
    "first_name": "",
    "last_name": "",
    "role": "student",
    "is_active": true,
    "is_staff": false,
    "date_joined": "2025-05-14T14:45:53.960Z",
    "groups": [],
    "user_permissions": []
  }
},
{
  "model": "users.user",
  "pk": 71,
  "fields": {
    "password": "argon2$argon2id$v=19$m=102400,t=2,p=8$R2J6QVhidHBTbjY4dTJwNG1hd3V5VA$hQsfIRP1PUnKccNlib3RzLmSbBe7VLilh/i0ZCkJf2A",
    "last_login": null,
    "is_superuser": false,
    "email": "impanodeveloper67@proton.me",
    "first_name": "",
    "last_name": "",
    "role": "student",
    "is_active": true,
    "is_staff": false,
    "date_joined": "2025-05-14T14:46:04.727Z",
    "groups": [],
    "user_permissions": []
  }
},
{
  "model": "users.user",
  "pk": 72,
  "fields": {
    "password": "argon2$argon2id$v=19$m=102400,t=2,p=8$aEVXcHFlVEJJVFdtUjM1ck5LcHRmaQ$SIAGjY6tKkC0enQh6rWJ2bnq9gaztqpmGfa0EmLXcQs",
    "last_login": null,
    "is_superuser": false,
    "email": "impanodeveloper68@proton.me",
    "first_name": "",
    "last_name": "",
    "role": "student",
    "is_active": true,
    "is_staff": false,
    "date_joined": "2025-05-14T14:46:38.922Z",
    "groups": [],
    "user_permissions": []
  }
},
{
  "model": "users.user",
  "pk": 73,
  "fields": {
    "password": "argon2$argon2id$v=19$m=102400,t=2,p=8$VUUzRXpDWHQxdHd2SWoydWVhb2E4cQ$sf/ukMNAap/kB51tfjVbAd+92iQJ5GKgJB+hgWYkqWg",
    "last_login": null,
    "is_superuser": false,
    "email": "impanodeveloper69@proton.me",
    "first_name": "",
    "last_name": "",
    "role": "student",
    "is_active": true,
    "is_staff": false,
    "date_joined": "2025-05-14T14:46:48.842Z",
    "groups": [],
    "user_permissions": []
  }
},
{
  "model": "users.user",
  "pk": 74,
  "fields": {
    "password": "argon2$argon2id$v=19$m=102400,t=2,p=8$UlpZN1RyNHNTNU50VUlxMkZKMGlhNw$67bKKvBVzOJrKFTnoZT3ErWibUncOshi0NkwQ09TYx0",
    "last_login": null,
    "is_superuser": false,
    "email": "impanodeveloper70@proton.me",
    "first_name": "",
    "last_name": "",
    "role": "student",
    "is_active": true,
    "is_staff": false,
    "date_joined": "2025-05-14T14:46:59.692Z",
    "groups": [],
    "user_permissions": []
  }
},
{
  "model": "users.user",
  "pk": 75,
  "fields": {
    "password": "argon2$argon2id$v=19$m=102400,t=2,p=8$OXVlRDhEd1VCQlk3Y1k1TGlHcEhBZQ$ZKReTQ4PlCh7I6kJv+VmGr8x/6Z9RiPSL0b0mM6NPj8",
    "last_login": null,
    "is_superuser": false,
    "email": "impanodeveloper71@proton.me",
    "first_name": "",
    "last_name": "",
    "role": "student",
    "is_active": true,
    "is_staff": false,
    "date_joined": "2025-05-14T14:47:11.264Z",
    "groups": [],
    "user_permissions": []
  }
},
{
  "model": "users.user",
  "pk": 76,
  "fields": {
    "password": "argon2$argon2id$v=19$m=102400,t=2,p=8$YUF2SjFKTmwwRDg0Sk1vSnpkblRvWQ$xXWnmyn+qCGKfvBT6AiOkXLhuOB2s5TvNm34ze1fkxQ",
    "last_login": null,
    "is_superuser": false,
    "email": "impanodeveloper72@proton.me",
    "first_name": "",
    "last_name": "",
    "role": "student",
    "is_active": true,
    "is_staff": false,
    "date_joined": "2025-05-14T14:47:25.615Z",
    "groups": [],
    "user_permissions": []
  }
},
{
  "model": "users.user",
  "pk": 77,
  "fields": {
    "password": "argon2$argon2id$v=19$m=102400,t=2,p=8$REVKcGVzeVJTbTVZOVM3WDlxQ29xdA$f44JMWAyAi4Qmszy+YtNkTISKQgS5YJl8ioMMjV64LE",
    "last_login": null,
    "is_superuser": false,
    "email": "impanodeveloper73@proton.me",
    "first_name": "",
    "last_name": "",
    "role": "student",
    "is_active": true,
    "is_staff": false,
    "date_joined": "2025-05-14T14:47:40.275Z",
    "groups": [],
    "user_permissions": []
  }
},
{
  "model": "users.user",
  "pk": 78,
  "fields": {
    "password": "argon2$argon2id$v=19$m=102400,t=2,p=8$UWwxcXBmSnRxZ3JWaWpaUXlQMzh0Qw$EKHVYaCIosHCvh7YkVSXJL8QjcelIL3Acmv9Na7gaAg",
    "last_login": null,
    "is_superuser": false,
    "email": "impanodeveloper74@proton.me",
    "first_name": "",
    "last_name": "",
    "role": "student",
    "is_active": true,
    "is_staff": false,
    "date_joined": "2025-05-14T14:47:51.836Z",
    "groups": [],
    "user_permissions": []
  }
},
{
  "model": "users.user",
  "pk": 79,
  "fields": {
    "password": "argon2$argon2id$v=19$m=102400,t=2,p=8$ZXhtQmpqZkhCMzNtNElqenBkRHIxbg$JZWu7OPDYc6Qjo6AB0b498S/T3in8mA4mvjrsNWYcv0",
    "last_login": null,
    "is_superuser": false,
    "email": "impanodeveloper75@proton.me",
    "first_name": "",
    "last_name": "",
    "role": "student",
    "is_active": true,
    "is_staff": false,
    "date_joined": "2025-05-14T14:48:02.856Z",
    "groups": [],
    "user_permissions": []
  }
},
{
  "model": "users.user",
  "pk": 80,
  "fields": {
    "password": "argon2$argon2id$v=19$m=102400,t=2,p=8$dmVCU2xYMXp5OTNxUnljY25LNFlHRg$5CxVrYeSiOoajLtirmKv49WCkAwXpPZPsJGETCAVDGQ",
    "last_login": null,
    "is_superuser": false,
    "email": "impanodeveloper76@proton.me",
    "first_name": "",
    "last_name": "",
    "role": "student",
    "is_active": true,
    "is_staff": false,
    "date_joined": "2025-05-14T14:48:13.309Z",
    "groups": [],
    "user_permissions": []
  }
},
{
  "model": "users.user",
  "pk": 81,
  "fields": {
    "password": "argon2$argon2id$v=19$m=102400,t=2,p=8$NGdXYTJKZXpqcmcxUXpLU1Q5dnZVNw$Igc7f2S9CV4PLJZCRckZcZj5TbvxMMv8/D7egKznmJE",
    "last_login": null,
    "is_superuser": false,
    "email": "impanodeveloper77@proton.me",
    "first_name": "",
    "last_name": "",
    "role": "student",
    "is_active": true,
    "is_staff": false,
    "date_joined": "2025-05-14T14:48:28.765Z",
    "groups": [],
    "user_permissions": []
  }
},
{
  "model": "users.user",
  "pk": 82,
  "fields": {
    "password": "argon2$argon2id$v=19$m=102400,t=2,p=8$SDB2WEZkeUNtekhSSkM2YVhpR2FpUg$IZp1HxK84bzbX3Lyb80JK2mawZ+ItX/D1/DiJMCRtg0",
    "last_login": null,
    "is_superuser": false,
    "email": "impanodeveloper78@proton.me",
    "first_name": "",
    "last_name": "",
    "role": "student",
    "is_active": true,
    "is_staff": false,
    "date_joined": "2025-05-14T14:48:38.601Z",
    "groups": [],
    "user_permissions": []
  }
},
{
  "model": "users.user",
  "pk": 83,
  "fields": {
    "password": "argon2$argon2id$v=19$m=102400,t=2,p=8$a2h2RHQ5RkpKRVRTekw5Y3BqMGFmVA$6bRdzujb3ktx7Zc0L8J3LIS5ke4EA+fIZYYD05GbU6A",
    "last_login": null,
    "is_superuser": false,
    "email": "impanodeveloper79@proton.me",
    "first_name": "",
    "last_name": "",
    "role": "student",
    "is_active": true,
    "is_staff": false,
    "date_joined": "2025-05-14T14:48:49.353Z",
    "groups": [],
    "user_permissions": []
  }
},
{
  "model": "users.user",
  "pk": 84,
  "fields": {
    "password": "argon2$argon2id$v=19$m=102400,t=2,p=8$dHlvYmxOOU9oYTBUcGpYOHY0NjRnVQ$kB4FoK8QhkKEDq1PYEcjE8yTb8wd1az2wW0W95v35Q4",
    "last_login": null,
    "is_superuser": false,
    "email": "impanodeveloper81@proton.me",
    "first_name": "",
    "last_name": "",
    "role": "student",
    "is_active": true,
    "is_staff": false,
    "date_joined": "2025-05-14T14:51:14.519Z",
    "groups": [],
    "user_permissions": []
  }
},
{
  "model": "users.user",
  "pk": 85,
  "fields": {
    "password": "argon2$argon2id$v=19$m=102400,t=2,p=8$eGVqRGFNZ1FCNnN0NjJWTWcxem15Mw$FRnHerivU9BB8Db5HDlvtpGKjAd3tyLVWTgoraUxqXQ",
    "last_login": null,
    "is_superuser": false,
    "email": "impanodeveloper82@proton.me",
    "first_name": "",
    "last_name": "",
    "role": "student",
    "is_active": true,
    "is_staff": false,
    "date_joined": "2025-05-14T14:51:22.028Z",
    "groups": [],
    "user_permissions": []
  }
},
{
  "model": "users.user",
  "pk": 86,
  "fields": {
    "password": "argon2$argon2id$v=19$m=102400,t=2,p=8$YWxZOVZpYU5MWFZKMnVrY1B5VWVIQw$FSQYgSsR8gbRbtg2xFzv5rffgiROxCNe/5fOEUjIUMo",
    "last_login": null,
    "is_superuser": false,
    "email": "impanodeveloper83@proton.me",
    "first_name": "",
    "last_name": "",
    "role": "student",
    "is_active": true,
    "is_staff": false,
    "date_joined": "2025-05-14T14:51:29.009Z",
    "groups": [],
    "user_permissions": []
  }
},
{
  "model": "users.user",
  "pk": 87,
  "fields": {
    "password": "argon2$argon2id$v=19$m=102400,t=2,p=8$QnpNWjFibTgxTDJvYk84T1JCM1BHSw$InqT4fPbTB/HGPM0qS5idHz4q2zzyCD7blhjyQnAzZE",
    "last_login": null,
    "is_superuser": false,
    "email": "impanodeveloper84@proton.me",
    "first_name": "",
    "last_name": "",
    "role": "student",
    "is_active": true,
    "is_staff": false,
    "date_joined": "2025-05-14T14:51:36.145Z",
    "groups": [],
    "user_permissions": []
  }
},
{
  "model": "users.user",
  "pk": 88,
  "fields": {
    "password": "argon2$argon2id$v=19$m=102400,t=2,p=8$TDRWOEdBZXA3YTVBblduR29ucnJrdQ$w5bT+c1TdQ8s/ueuuqT0UC+TeIIAmfsS5JWO7qHsYH8",
    "last_login": null,
    "is_superuser": false,
    "email": "impanodeveloper85@proton.me",
    "first_name": "",
    "last_name": "",
    "role": "student",
    "is_active": true,
    "is_staff": false,
    "date_joined": "2025-05-14T14:51:45.753Z",
    "groups": [],
    "user_permissions": []
  }
},
{
  "model": "users.user",
  "pk": 89,
  "fields": {
    "password": "argon2$argon2id$v=19$m=102400,t=2,p=8$bkZvaFBxSVlHWkdtUE0xQWoxUWt2cA$Hue1BAp+x0SPE8H6YjWH0BoAKIJYn80GuHnQs7m3h7U",
    "last_login": null,
    "is_superuser": false,
    "email": "impanodeveloper86@proton.me",
    "first_name": "",
    "last_name": "",
    "role": "student",
    "is_active": true,
    "is_staff": false,
    "date_joined": "2025-05-14T14:51:52.890Z",
    "groups": [],
    "user_permissions": []
  }
},
{
  "model": "users.user",
  "pk": 90,
  "fields": {
    "password": "argon2$argon2id$v=19$m=102400,t=2,p=8$cEVQTlRSTWxYN25UM05MRVBoemRjQg$F6hG3yELUdzv6jXd6dPxSnfj44B0F5cXtBb1wZUv+3Y",
    "last_login": null,
    "is_superuser": false,
    "email": "impanodeveloper87@proton.me",
    "first_name": "",
    "last_name": "",
    "role": "student",
    "is_active": true,
    "is_staff": false,
    "date_joined": "2025-05-14T14:52:00.255Z",
    "groups": [],
    "user_permissions": []
  }
},
{
  "model": "users.user",
  "pk": 91,
  "fields": {
    "password": "argon2$argon2id$v=19$m=102400,t=2,p=8$ZnJUYkZYMm5NVFRqU3U2a0k4VFZaOA$G9T9sDQekHLNdo02NlXxfOUHE/9oX2/vZRpQUslsu8M",
    "last_login": null,
    "is_superuser": false,
    "email": "impanodeveloper88@proton.me",
    "first_name": "",
    "last_name": "",
    "role": "student",
    "is_active": true,
    "is_staff": false,
    "date_joined": "2025-05-14T14:52:06.886Z",
    "groups": [],
    "user_permissions": []
  }
},
{
  "model": "users.user",
  "pk": 92,
  "fields": {
    "password": "argon2$argon2id$v=19$m=102400,t=2,p=8$M01PMjg0NHdSclVKWklrZEZQMkVsYw$lTjYZJJ9n9bVxMU0NosaJTBe8FsItf/4EScEtdQ66U4",
    "last_login": null,
    "is_superuser": false,
    "email": "impanodeveloper89@proton.me",
    "first_name": "",
    "last_name": "",
    "role": "student",
    "is_active": true,
    "is_staff": false,
    "date_joined": "2025-05-14T14:52:13.843Z",
    "groups": [],
    "user_permissions": []
  }
},
{
  "model": "users.user",
  "pk": 93,
  "fields": {
    "password": "argon2$argon2id$v=19$m=102400,t=2,p=8$OTZwMTFyVDZXZjlmY3BJOXFST3E0dw$AhuaPnIvlFBBRN+lTOlUBDTqgULuxpkHmftzaE0nugM",
    "last_login": null,
    "is_superuser": false,
    "email": "impanodeveloper90@proton.me",
    "first_name": "",
    "last_name": "",
    "role": "student",
    "is_active": true,
    "is_staff": false,
    "date_joined": "2025-05-14T14:52:20.760Z",
    "groups": [],
    "user_permissions": []
  }
},
{
  "model": "users.user",
  "pk": 94,
  "fields": {
    "password": "argon2$argon2id$v=19$m=102400,t=2,p=8$ZTY1d3o2alE3VnVjUW0xZDExd3NiTg$sOpVlkgdOcG9/nAMNqmXegfiJ1EhAMOpJ9mrTqEiD1U",
    "last_login": null,
    "is_superuser": false,
    "email": "impanodeveloper91@proton.me",
    "first_name": "",
    "last_name": "",
    "role": "student",
    "is_active": true,
    "is_staff": false,
    "date_joined": "2025-05-14T14:52:27.735Z",
    "groups": [],
    "user_permissions": []
  }
},
{
  "model": "users.user",
  "pk": 95,
  "fields": {
    "password": "argon2$argon2id$v=19$m=102400,t=2,p=8$MjViMUFneFlDUjNyUmphQTdxYXlJbQ$e/b9sxlGlxU9cEikW0K/u8Lmr+I9JExo4NSUIkqHQX0",
    "last_login": null,
    "is_superuser": false,
    "email": "impanodeveloper92@proton.me",
    "first_name": "",
    "last_name": "",
    "role": "student",
    "is_active": true,
    "is_staff": false,
    "date_joined": "2025-05-14T14:52:35.210Z",
    "groups": [],
    "user_permissions": []
  }
},
{
  "model": "users.user",
  "pk": 96,
  "fields": {
    "password": "argon2$argon2id$v=19$m=102400,t=2,p=8$UGhqUTQzNGtudnMxanVrdjlzWU1MVA$GKIHaxbCKOf934a13DqDLSzPUCU3kfrW9U8VgGnt3yg",
    "last_login": null,
    "is_superuser": false,
    "email": "impanodeveloper93@proton.me",
    "first_name": "",
    "last_name": "",
    "role": "student",
    "is_active": true,
    "is_staff": false,
    "date_joined": "2025-05-14T14:52:42.669Z",
    "groups": [],
    "user_permissions": []
  }
},
{
  "model": "users.user",
  "pk": 97,
  "fields": {
    "password": "argon2$argon2id$v=19$m=102400,t=2,p=8$OTIyU3AzRWw1MjdWM21lanZ0b3lIbg$JHpqV3lT7VhuMlmRYW4PObUuRnd07Q9GGEMn02Ff9yo",
    "last_login": null,
    "is_superuser": false,
    "email": "impanodeveloper94@proton.me",
    "first_name": "",
    "last_name": "",
    "role": "student",
    "is_active": true,
    "is_staff": false,
    "date_joined": "2025-05-14T14:52:49.679Z",
    "groups": [],
    "user_permissions": []
  }
},
{
  "model": "users.user",
  "pk": 98,
  "fields": {
    "password": "argon2$argon2id$v=19$m=102400,t=2,p=8$aHFSNEYyb0VpQ3dBMHdPM3pQRFFqRQ$UYumD1VXabcpAfivuXFXEafOf5Y9HbeZqAYWfqvMAds",
    "last_login": null,
    "is_superuser": false,
    "email": "impanodeveloper95@proton.me",
    "first_name": "",
    "last_name": "",
    "role": "student",
    "is_active": true,
    "is_staff": false,
    "date_joined": "2025-05-14T14:52:57.142Z",
    "groups": [],
    "user_permissions": []
  }
},
{
  "model": "users.user",
  "pk": 99,
  "fields": {
    "password": "argon2$argon2id$v=19$m=102400,t=2,p=8$OGdQZWh5WmZ4QUpXZGVySmFsNnFxTA$cPuaU/Xt9V89auQD3/AaFKgIZJ3KNVOK6Bo0hrxuOi8",
    "last_login": null,
    "is_superuser": false,
    "email": "impanodeveloper96@proton.me",
    "first_name": "",
    "last_name": "",
    "role": "student",
    "is_active": true,
    "is_staff": false,
    "date_joined": "2025-05-14T14:53:03.812Z",
    "groups": [],
    "user_permissions": []
  }
},
{
  "model": "users.user",
  "pk": 100,
  "fields": {
    "password": "argon2$argon2id$v=19$m=102400,t=2,p=8$TzRsMTN4aU5yN3p1VnNYNnVRMUZuOQ$BPUuBUGp7mflLFQ91PCRrUSnkbkiHxnJY9rYpZ9VhBs",
    "last_login": null,
    "is_superuser": false,
    "email": "impanodeveloper97@proton.me",
    "first_name": "",
    "last_name": "",
    "role": "student",
    "is_active": true,
    "is_staff": false,
    "date_joined": "2025-05-14T14:53:10.500Z",
    "groups": [],
    "user_permissions": []
  }
},
{
  "model": "users.user",
  "pk": 101,
  "fields": {
    "password": "argon2$argon2id$v=19$m=102400,t=2,p=8$cjhieHdSbHJVQ0ZTNWxJUWxFTE1wWA$srpTPBXIT1234TtYHdaACpDzfWCda2mXDQxm3xnPUzk",
    "last_login": null,
    "is_superuser": false,
    "email": "impanodeveloper98@proton.me",
    "first_name": "",
    "last_name": "",
    "role": "student",
    "is_active": true,
    "is_staff": false,
    "date_joined": "2025-05-14T14:53:24.007Z",
    "groups": [],
    "user_permissions": []
  }
},
{
  "model": "users.user",
  "pk": 102,
  "fields": {
    "password": "argon2$argon2id$v=19$m=102400,t=2,p=8$MlhxeFpMSkN5bDF4MlA2OG11dXp0SQ$XDagySLfTHnvAeCARwLOrbCBujA/7W2Oe+3uXNniekE",
    "last_login": null,
    "is_superuser": false,
    "email": "impanodeveloper99@proton.me",
    "first_name": "",
    "last_name": "",
    "role": "student",
    "is_active": true,
    "is_staff": false,
    "date_joined": "2025-05-14T14:53:31.926Z",
    "groups": [],
    "user_permissions": []
  }
},
{
  "model": "users.user",
  "pk": 103,
  "fields": {
    "password": "argon2$argon2id$v=19$m=102400,t=2,p=8$bWpqbUFxcWRTbTI2MVZ1YjNZSVlKcw$zDFG3ivhqnSUGCEV7o2RRo2WKm0Fo9/F2ZAcZJX0TOs",
    "last_login": null,
    "is_superuser": false,
    "email": "impanodeveloper100@proton.me",
    "first_name": "",
    "last_name": "",
    "role": "student",
    "is_active": true,
    "is_staff": false,
    "date_joined": "2025-05-14T14:53:38.829Z",
    "groups": [],
    "user_permissions": []
  }
},
{
  "model": "student.student",
  "pk": 1,
  "fields": {
    "user": [
      "impanodeveloper12@proton.me"
    ],
    "reg_no": "21RP06651",
    "department": 1
  }
},
{
  "model": "student.student",
  "pk": 6,
  "fields": {
    "user": [
      "impanodeveloper1237@proton.me"
    ],
    "reg_no": "21RP06652",
    "department": 1
  }
},
{
  "model": "student.student",
  "pk": 8,
  "fields": {
    "user": [
      "impanodeveloper3@proton.me"
    ],
    "reg_no": "21rp06653",
    "department": 1
  }
},
{
  "model": "student.student",
  "pk": 9,
  "fields": {
    "user": [
      "impanodeveloper4@proton.me"
    ],
    "reg_no": "21rp06654",
    "department": 1
  }
},
{
  "model": "student.student",
  "pk": 10,
  "fields": {
    "user": [
      "impanodeveloper5@proton.me"
    ],
    "reg_no": "21rp06655",
    "department": 1
  }
},
{
  "model": "student.student",
  "pk": 11,
  "fields": {
    "user": [
      "impanodeveloper6@proton.me"
    ],
    "reg_no": "21rp06656",
    "department": 1
  }
},
{
  "model": "student.student",
  "pk": 12,
  "fields": {
    "user": [
      "impanodeveloper10@proton.me"
    ],
    "reg_no": "21rp06610",
    "department": 1
  }
},
{
  "model": "student.student",
  "pk": 13,
  "fields": {
    "user": [
      "impanodeveloper11@proton.me"
    ],
    "reg_no": "21rp06611",
    "department": 1
  }
},
{
  "model": "student.student",
  "pk": 14,
  "fields": {
    "user": [
      "impanodeveloper13@proton.me"
    ],
    "reg_no": "21rp06613",
    "department": 1
  }
},
{
  "model": "student.student",
  "pk": 15,
  "fields": {
    "user": [
      "impanodeveloper14@proton.me"
    ],
    "reg_no": "21rp06614",
    "department": 1
  }
},
{
  "model": "student.student",
  "pk": 16,
  "fields": {
    "user": [
      "impanodeveloper15@proton.me"
    ],
    "reg_no": "21rp06615",
    "department": 1
  }
},
{
  "model": "student.student",
  "pk": 17,
  "fields": {
    "user": [
      "impanodeveloper16@proton.me"
    ],
    "reg_no": "21rp06616",
    "department": 1
  }
},
{
  "model": "student.student",
  "pk": 18,
  "fields": {
    "user": [
      "impanodeveloper17@proton.me"
    ],
    "reg_no": "21rp06617",
    "department": 1
  }
},
{
  "model": "student.student",
  "pk": 19,
  "fields": {
    "user": [
      "impanodeveloper18@proton.me"
    ],
    "reg_no": "21rp06618",
    "department": 1
  }
},
{
  "model": "student.student",
  "pk": 20,
  "fields": {
    "user": [
      "impanodeveloper19@proton.me"
    ],
    "reg_no": "21rp06619",
    "department": 1
  }
},
{
  "model": "student.student",
  "pk": 21,
  "fields": {
    "user": [
      "impanodeveloper20@proton.me"
    ],
    "reg_no": "21rp06620",
    "department": 1
  }
},
{
  "model": "student.student",
  "pk": 22,
  "fields": {
    "user": [
      "impanodeveloper21@proton.me"
    ],
    "reg_no": "21rp06621",
    "department": 1
  }
},
{
  "model": "student.student",
  "pk": 23,
  "fields": {
    "user": [
      "impanodeveloper22@proton.me"
    ],
    "reg_no": "21rp06622",
    "department": 1
  }
},
{
  "model": "student.student",
  "pk": 24,
  "fields": {
    "user": [
      "impanodeveloper23@proton.me"
    ],
    "reg_no": "21rp06623",
    "department": 1
  }
},
{
  "model": "student.student",
  "pk": 25,
  "fields": {
    "user": [
      "impanodeveloper24@proton.me"
    ],
    "reg_no": "21rp06624",
    "department": 1
  }
},
{
  "model": "student.student",
  "pk": 26,
  "fields": {
    "user": [
      "impanodeveloper25@proton.me"
    ],
    "reg_no": "21rp06625",
    "department": 1
  }
},
{
  "model": "student.student",
  "pk": 27,
  "fields": {
    "user": [
      "impanodeveloper26@proton.me"
    ],
    "reg_no": "21rp06626",
    "department": 1
  }
},
{
  "model": "student.student",
  "pk": 28,
  "fields": {
    "user": [
      "impanodeveloper27@proton.me"
    ],
    "reg_no": "21rp06627",
    "department": 1
  }
},
{
  "model": "student.student",
  "pk": 29,
  "fields": {
    "user": [
      "impanodeveloper28@proton.me"
    ],
    "reg_no": "21rp06628",
    "department": 1
  }
},
{
  "model": "student.student",
  "pk": 30,
  "fields": {
    "user": [
      "impanodeveloper29@proton.me"
    ],
    "reg_no": "21rp06629",
    "department": 1
  }
},
{
  "model": "student.student",
  "pk": 31,
  "fields": {
    "user": [
      "impanodeveloper30@proton.me"
    ],
    "reg_no": "21rp06630",
    "department": 1
  }
},
{
  "model": "student.student",
  "pk": 32,
  "fields": {
    "user": [
      "impanodeveloper31@proton.me"
    ],
    "reg_no": "21rp06631",
    "department": 1
  }
},
{
  "model": "student.student",
  "pk": 33,
  "fields": {
    "user": [
      "impanodeveloper32@proton.me"
    ],
    "reg_no": "21rp06632",
    "department": 1
  }
},
{
  "model": "student.student",
  "pk": 34,
  "fields": {
    "user": [
      "impanodeveloper33@proton.me"
    ],
    "reg_no": "21rp06633",
    "department": 1
  }
},
{
  "model": "student.student",
  "pk": 35,
  "fields": {
    "user": [
      "impanodeveloper34@proton.me"
    ],
    "reg_no": "21rp06634",
    "department": 1
  }
},
{
  "model": "student.student",
  "pk": 36,
  "fields": {
    "user": [
      "impanodeveloper35@proton.me"
    ],
    "reg_no": "21rp06635",
    "department": 1
  }
},
{
  "model": "student.student",
  "pk": 37,
  "fields": {
    "user": [
      "impanodeveloper37@proton.me"
    ],
    "reg_no": "21rp06637",
    "department": 1
  }
},
{
  "model": "student.student",
  "pk": 38,
  "fields": {
    "user": [
      "impanodeveloper38@proton.me"
    ],
    "reg_no": "21rp06638",
    "department": 1
  }
},
{
  "model": "student.student",
  "pk": 39,
  "fields": {
    "user": [
      "impanodeveloper39@proton.me"
    ],
    "reg_no": "21rp06639",
    "department": 1
  }
},
{
  "model": "student.student",
  "pk": 40,
  "fields": {
    "user": [
      "impanodeveloper40@proton.me"
    ],
    "reg_no": "21rp06640",
    "department": 1
  }
},
{
  "model": "student.student",
  "pk": 41,
  "fields": {
    "user": [
      "impanodeveloper41@proton.me"
    ],
    "reg_no": "21rp06641",
    "department": 1
  }
},
{
  "model": "student.student",
  "pk": 42,
  "fields": {
    "user": [
      "impanodeveloper42@proton.me"
    ],
    "reg_no": "21rp06642",
    "department": 2
  }
},
{
  "model": "student.student",
  "pk": 43,
  "fields": {
    "user": [
      "impanodeveloper43@proton.me"
    ],
    "reg_no": "21rp06643",
    "department": 2
  }
},
{
  "model": "student.student",
  "pk": 44,
  "fields": {
    "user": [
      "impanodeveloper44@proton.me"
    ],
    "reg_no": "21rp06644",
    "department": 1
  }
},
{
  "model": "student.student",
  "pk": 45,
  "fields": {
    "user": [
      "impanodeveloper45@proton.me"
    ],
    "reg_no": "21rp06645",
    "department": 2
  }
},
{
  "model": "student.student",
  "pk": 46,
  "fields": {
    "user": [
      "impanodeveloper46@proton.me"
    ],
    "reg_no": "21rp06646",
    "department": 2
  }
},
{
  "model": "student.student",
  "pk": 47,
  "fields": {
    "user": [
      "impanodeveloper47@proton.me"
    ],
    "reg_no": "21rp06647",
    "department": 2
  }
},
{
  "model": "student.student",
  "pk": 48,
  "fields": {
    "user": [
      "impanodeveloper48@proton.me"
    ],
    "reg_no": "21rp06648",
    "department": 2
  }
},
{
  "model": "student.student",
  "pk": 49,
  "fields": {
    "user": [
      "impanodeveloper49@proton.me"
    ],
    "reg_no": "21rp06649",
    "department": 2
  }
},
{
  "model": "student.student",
  "pk": 50,
  "fields": {
    "user": [
      "impanodeveloper50@proton.me"
    ],
    "reg_no": "21rp06650",
    "department": 2
  }
},
{
  "model": "student.student",
  "pk": 56,
  "fields": {
    "user": [
      "impanodeveloper58@proton.me"
    ],
    "reg_no": "21rp06658",
    "department": 2
  }
},
{
  "model": "student.student",
  "pk": 57,
  "fields": {
    "user": [
      "impanodeveloper59@proton.me"
    ],
    "reg_no": "21rp06659",
    "department": 2
  }
},
{
  "model": "student.student",
  "pk": 58,
  "fields": {
    "user": [
      "impanodeveloper60@proton.me"
    ],
    "reg_no": "21rp06660",
    "department": 2
  }
},
{
  "model": "student.student",
  "pk": 59,
  "fields": {
    "user": [
      "impanodeveloper61@proton.me"
    ],
    "reg_no": "21rp06661",
    "department": 2
  }
},
{
  "model": "student.student",
  "pk": 60,
  "fields": {
    "user": [
      "impanodeveloper62@proton.me"
    ],
    "reg_no": "21rp06662",
    "department": 2
  }
},
{
  "model": "student.student",
  "pk": 61,
  "fields": {
    "user": [
      "impanodeveloper63@proton.me"
    ],
    "reg_no": "21rp06663",
    "department": 2
  }
},
{
  "model": "student.student",
  "pk": 62,
  "fields": {
    "user": [
      "impanodeveloper64@proton.me"
    ],
    "reg_no": "21rp06664",
    "department": 2
  }
},
{
  "model": "student.student",
  "pk": 63,
  "fields": {
    "user": [
      "impanodeveloper65@proton.me"
    ],
    "reg_no": "21rp06665",
    "department": 2
  }
},
{
  "model": "student.student",
  "pk": 64,
  "fields": {
    "user": [
      "impanodeveloper66@proton.me"
    ],
    "reg_no": "21rp06666",
    "department": 2
  }
},
{
  "model": "student.student",
  "pk": 65,
  "fields": {
    "user": [
      "impanodeveloper67@proton.me"
    ],
    "reg_no": "21rp06667",
    "department": 2
  }
},
{
  "model": "student.student",
  "pk": 66,
  "fields": {
    "user": [
      "impanodeveloper68@proton.me"
    ],
    "reg_no": "21rp06668",
    "department": 2
  }
},
{
  "model": "student.student",
  "pk": 67,
  "fields": {
    "user": [
      "impanodeveloper69@proton.me"
    ],
    "reg_no": "21rp06669",
    "department": 2
  }
},
{
  "model": "student.student",
  "pk": 68,
  "fields": {
    "user": [
      "impanodeveloper70@proton.me"
    ],
    "reg_no": "21rp06670",
    "department": 2
  }
},
{
  "model": "student.student",
  "pk": 69,
  "fields": {
    "user": [
      "impanodeveloper71@proton.me"
    ],
    "reg_no": "21rp06671",
    "department": 2
  }
},
{
  "model": "student.student",
  "pk": 70,
  "fields": {
    "user": [
      "impanodeveloper72@proton.me"
    ],
    "reg_no": "21rp06672",
    "department": 4
  }
},
{
  "model": "student.student",
  "pk": 71,
  "fields": {
    "user": [
      "impanodeveloper73@proton.me"
    ],
    "reg_no": "21rp06673",
    "department": 4
  }
},
{
  "model": "student.student",
  "pk": 72,
  "fields": {
    "user": [
      "impanodeveloper74@proton.me"
    ],
    "reg_no": "21rp06674",
    "department": 4
  }
},
{
  "model": "student.student",
  "pk": 73,
  "fields": {
    "user": [
      "impanodeveloper75@proton.me"
    ],
    "reg_no": "21rp06675",
    "department": 4
  }
},
{
  "model": "student.student",
  "pk": 74,
  "fields": {
    "user": [
      "impanodeveloper76@proton.me"
    ],
    "reg_no": "21rp06676",
    "department": 4
  }
},
{
  "model": "student.student",
  "pk": 75,
  "fields": {
    "user": [
      "impanodeveloper77@proton.me"
    ],
    "reg_no": "21rp06677",
    "department": 4
  }
},
{
  "model": "student.student",
  "pk": 76,
  "fields": {
    "user": [
      "impanodeveloper78@proton.me"
    ],
    "reg_no": "21rp06678",
    "department": 4
  }
},
{
  "model": "student.student",
  "pk": 77,
  "fields": {
    "user": [
      "impanodeveloper79@proton.me"
    ],
    "reg_no": "21rp06679",
    "department": 4
  }
},
{
  "model": "student.student",
  "pk": 78,
  "fields": {
    "user": [
      "impanodeveloper81@proton.me"
    ],
    "reg_no": "21rp06681",
    "department": 4
  }
},
{
  "model": "student.student",
  "pk": 79,
  "fields": {
    "user": [
      "impanodeveloper82@proton.me"
    ],
    "reg_no": "21rp06682",
    "department": 4
  }
},
{
  "model": "student.student",
  "pk": 80,
  "fields": {
    "user": [
      "impanodeveloper83@proton.me"
    ],
    "reg_no": "21rp06683",
    "department": 4
  }
},
{
  "model": "student.student",
  "pk": 81,
  "fields": {
    "user": [
      "impanodeveloper84@proton.me"
    ],
    "reg_no": "21rp06684",
    "department": 4
  }
},
{
  "model": "student.student",
  "pk": 82,
  "fields": {
    "user": [
      "impanodeveloper85@proton.me"
    ],
    "reg_no": "21rp06685",
    "department": 4
  }
},
{
  "model": "student.student",
  "pk": 83,
  "fields": {
    "user": [
      "impanodeveloper86@proton.me"
    ],
    "reg_no": "21rp06686",
    "department": 4
  }
},
{
  "model": "student.student",
  "pk": 84,
  "fields": {
    "user": [
      "impanodeveloper87@proton.me"
    ],
    "reg_no": "21rp06687",
    "department": 4
  }
},
{
  "model": "student.student",
  "pk": 85,
  "fields": {
    "user": [
      "impanodeveloper88@proton.me"
    ],
    "reg_no": "21rp06688",
    "department": 4
  }
},
{
  "model": "student.student",
  "pk": 86,
  "fields": {
    "user": [
      "impanodeveloper89@proton.me"
    ],
    "reg_no": "21rp06689",
    "department": 4
  }
},
{
  "model": "student.student",
  "pk": 87,
  "fields": {
    "user": [
      "impanodeveloper90@proton.me"
    ],
    "reg_no": "21rp06690",
    "department": 4
  }
},
{
  "model": "student.student",
  "pk": 88,
  "fields": {
    "user": [
      "impanodeveloper91@proton.me"
    ],
    "reg_no": "21rp06691",
    "department": 4
  }
},
{
  "model": "student.student",
  "pk": 89,
  "fields": {
    "user": [
      "impanodeveloper92@proton.me"
    ],
    "reg_no": "21rp06692",
    "department": 4
  }
},
{
  "model": "student.student",
  "pk": 90,
  "fields": {
    "user": [
      "impanodeveloper93@proton.me"
    ],
    "reg_no": "21rp06693",
    "department": 4
  }
},
{
  "model": "student.student",
  "pk": 91,
  "fields": {
    "user": [
      "impanodeveloper94@proton.me"
    ],
    "reg_no": "21rp06694",
    "department": 4
  }
},
{
  "model": "student.student",
  "pk": 92,
  "fields": {
    "user": [
      "impanodeveloper95@proton.me"
    ],
    "reg_no": "21rp06695",
    "department": 4
  }
},
{
  "model": "student.student",
  "pk": 93,
  "fields": {
    "user": [
      "impanodeveloper96@proton.me"
    ],
    "reg_no": "21rp06696",
    "department": 4
  }
},
{
  "model": "student.student",
  "pk": 94,
  "fields": {
    "user": [
      "impanodeveloper97@proton.me"
    ],
    "reg_no": "21rp06697",
    "department": 4
  }
},
{
  "model": "student.student",
  "pk": 95,
  "fields": {
    "user": [
      "impanodeveloper98@proton.me"
    ],
    "reg_no": "21rp06698",
    "department": 4
  }
},
{
  "model": "student.student",
  "pk": 96,
  "fields": {
    "user": [
      "impanodeveloper99@proton.me"
    ],
    "reg_no": "21rp06699",
    "department": 4
  }
},
{
  "model": "student.student",
  "pk": 97,
  "fields": {
    "user": [
      "impanodeveloper100@proton.me"
    ],
    "reg_no": "21rp066100",
    "department": 4
  }
},
{
  "model": "courses.course",
  "pk": 10,
  "fields": {
    "code": "NET101",
    "title": "Intro to Computer Applications",
    "description": "Fundamental concepts of computer applications and their practical uses in modern computing environments.",
    "credits": 3,
    "instructor": [
      "impanomanzienock1@gmail.com"
    ],
    "department": 1,
    "semester": 1,
    "start_date": "2025-09-01",
    "end_date": "2026-01-15",
    "enrollment_limit": 50,
    "created_at": "2025-05-14T14:30:44.534Z",
    "updated_at": "2025-05-14T14:30:44.534Z",
    "prerequisites": []
  }
},
{
  "model": "courses.course",
  "pk": 11,
  "fields": {
    "code": "NET102",
    "title": "Applied Mathematics",
    "description": "Mathematical concepts and techniques applied to solve real-world problems in computing and networking.",
    "credits": 3,
    "instructor": [
      "impanomanzienock1@gmail.com"
    ],
    "department": 1,
    "semester": 1,
    "start_date": "2025-09-01",
    "end_date": "2026-01-15",
    "enrollment_limit": 50,
    "created_at": "2025-05-14T14:30:44.534Z",
    "updated_at": "2025-05-14T14:30:44.534Z",
    "prerequisites": []
  }
},
{
  "model": "courses.course",
  "pk": 12,
  "fields": {
    "code": "NET103",
    "title": "Study and Research Methods",
    "description": "Techniques for effective academic study and research methodologies in technology fields.",
    "credits": 2,
    "instructor": [
      "impanomanzienock1@gmail.com"
    ],
    "department": 1,
    "semester": 1,
    "start_date": "2025-09-01",
    "end_date": "2026-01-15",
    "enrollment_limit": 40,
    "created_at": "2025-05-14T14:30:44.534Z",
    "updated_at": "2025-05-14T14:30:44.534Z",
    "prerequisites": []
  }
},
{
  "model": "courses.course",
  "pk": 13,
  "fields": {
    "code": "NET104",
    "title": "General English",
    "description": "Development of English language skills with focus on technical communication for computing professionals.",
    "credits": 2,
    "instructor": [
      "impanomanzienock1@gmail.com"
    ],
    "department": 1,
    "semester": 1,
    "start_date": "2025-09-01",
    "end_date": "2026-01-15",
    "enrollment_limit": 40,
    "created_at": "2025-05-14T14:30:44.534Z",
    "updated_at": "2025-05-14T14:30:44.534Z",
    "prerequisites": []
  }
},
{
  "model": "courses.course",
  "pk": 14,
  "fields": {
    "code": "NET105",
    "title": "Principles of Accounting I",
    "description": "Introduction to accounting principles and their application in business and technology organizations.",
    "credits": 3,
    "instructor": [
      "impanomanzienock1@gmail.com"
    ],
    "department": 1,
    "semester": 1,
    "start_date": "2025-09-01",
    "end_date": "2026-01-15",
    "enrollment_limit": 40,
    "created_at": "2025-05-14T14:30:44.534Z",
    "updated_at": "2025-05-14T14:30:44.534Z",
    "prerequisites": []
  }
},
{
  "model": "courses.course",
  "pk": 15,
  "fields": {
    "code": "NET106",
    "title": "Introduction to Bible Study",
    "description": "Overview of biblical studies with emphasis on ethical foundations for technology professionals.",
    "credits": 2,
    "instructor": [
      "impanomanzienock1@gmail.com"
    ],
    "department": 1,
    "semester": 1,
    "start_date": "2025-09-01",
    "end_date": "2026-01-15",
    "enrollment_limit": 30,
    "created_at": "2025-05-14T14:30:44.534Z",
    "updated_at": "2025-05-14T14:30:44.534Z",
    "prerequisites": []
  }
},
{
  "model": "courses.course",
  "pk": 16,
  "fields": {
    "code": "NET201",
    "title": "Digital Computer Fundemantals",
    "description": "Core concepts of digital computing systems including hardware components and basic architecture.",
    "credits": 3,
    "instructor": [
      "impanomanzienock1@gmail.com"
    ],
    "department": 1,
    "semester": 1,
    "start_date": "2025-09-01",
    "end_date": "2026-01-15",
    "enrollment_limit": 40,
    "created_at": "2025-05-14T14:30:44.534Z",
    "updated_at": "2025-05-14T14:30:44.534Z",
    "prerequisites": []
  }
},
{
  "model": "courses.course",
  "pk": 17,
  "fields": {
    "code": "NET202",
    "title": "Intro to Computer Programming",
    "description": "Introduction to programming concepts using modern programming languages and development environments.",
    "credits": 4,
    "instructor": [
      "impanomanzienock1@gmail.com"
    ],
    "department": 1,
    "semester": 1,
    "start_date": "2025-09-01",
    "end_date": "2026-01-15",
    "enrollment_limit": 50,
    "created_at": "2025-05-14T14:30:44.534Z",
    "updated_at": "2025-05-14T14:30:44.534Z",
    "prerequisites": []
  }
},
{
  "model": "courses.course",
  "pk": 18,
  "fields": {
    "code": "NET203",
    "title": "Descriptive statistics",
    "description": "Basic statistical methods and their application in analyzing and interpreting data in technology fields.",
    "credits": 3,
    "instructor": [
      "impanomanzienock1@gmail.com"
    ],
    "department": 1,
    "semester": 1,
    "start_date": "2025-09-01",
    "end_date": "2026-01-15",
    "enrollment_limit": 40,
    "created_at": "2025-05-14T14:30:44.534Z",
    "updated_at": "2025-05-14T14:30:44.534Z",
    "prerequisites": []
  }
},
{
  "model": "courses.course",
  "pk": 19,
  "fields": {
    "code": "NET204",
    "title": "Multivariables Calculus and Ordinary Differential Equations",
    "description": "Advanced mathematical concepts with applications in computer networking and system modeling.",
    "credits": 4,
    "instructor": [
      "impanomanzienock1@gmail.com"
    ],
    "department": 1,
    "semester": 1,
    "start_date": "2025-09-01",
    "end_date": "2026-01-15",
    "enrollment_limit": 35,
    "created_at": "2025-05-14T14:30:44.534Z",
    "updated_at": "2025-05-14T14:30:44.534Z",
    "prerequisites": []
  }
},
{
  "model": "courses.course",
  "pk": 20,
  "fields": {
    "code": "NET205",
    "title": "Computer Maintenance",
    "description": "Practical skills for maintaining and troubleshooting computer hardware and software systems.",
    "credits": 3,
    "instructor": [
      "impanomanzienock1@gmail.com"
    ],
    "department": 1,
    "semester": 1,
    "start_date": "2025-09-01",
    "end_date": "2026-01-15",
    "enrollment_limit": 40,
    "created_at": "2025-05-14T14:30:44.534Z",
    "updated_at": "2025-05-14T14:30:44.534Z",
    "prerequisites": []
  }
},
{
  "model": "courses.course",
  "pk": 21,
  "fields": {
    "code": "NET206",
    "title": "Health Principles",
    "description": "Fundamentals of health and wellness with focus on maintaining wellbeing in technology careers.",
    "credits": 2,
    "instructor": [
      "impanomanzienock1@gmail.com"
    ],
    "department": 1,
    "semester": 1,
    "start_date": "2025-09-01",
    "end_date": "2026-01-15",
    "enrollment_limit": 30,
    "created_at": "2025-05-14T14:30:44.534Z",
    "updated_at": "2025-05-14T14:30:44.534Z",
    "prerequisites": []
  }
},
{
  "model": "courses.course",
  "pk": 22,
  "fields": {
    "code": "NET301",
    "title": "Academic English Wrinting",
    "description": "Development of academic writing skills with emphasis on technical documentation and reports.",
    "credits": 3,
    "instructor": [
      "impanomanzienock1@gmail.com"
    ],
    "department": 1,
    "semester": 1,
    "start_date": "2025-09-01",
    "end_date": "2026-01-15",
    "enrollment_limit": 35,
    "created_at": "2025-05-14T14:30:44.534Z",
    "updated_at": "2025-05-14T14:30:44.534Z",
    "prerequisites": []
  }
},
{
  "model": "courses.course",
  "pk": 23,
  "fields": {
    "code": "NET302",
    "title": "Programming with C",
    "description": "Comprehensive study of C programming language with applications in system and network programming.",
    "credits": 4,
    "instructor": [
      "impanomanzienock1@gmail.com"
    ],
    "department": 1,
    "semester": 1,
    "start_date": "2025-09-01",
    "end_date": "2026-01-15",
    "enrollment_limit": 40,
    "created_at": "2025-05-14T14:30:44.534Z",
    "updated_at": "2025-05-14T14:30:44.534Z",
    "prerequisites": []
  }
},
{
  "model": "courses.course",
  "pk": 24,
  "fields": {
    "code": "NET303",
    "title": "Software Engineering",
    "description": "Principles of software development including methodologies, design patterns, and project management.",
    "credits": 3,
    "instructor": [
      "impanomanzienock1@gmail.com"
    ],
    "department": 1,
    "semester": 1,
    "start_date": "2025-09-01",
    "end_date": "2026-01-15",
    "enrollment_limit": 45,
    "created_at": "2025-05-14T14:30:44.534Z",
    "updated_at": "2025-05-14T14:30:44.534Z",
    "prerequisites": []
  }
},
{
  "model": "courses.course",
  "pk": 25,
  "fields": {
    "code": "NET304",
    "title": "Computer Networks",
    "description": "Fundamentals of computer networking including protocols, architectures, and communication technologies.",
    "credits": 4,
    "instructor": [
      "impanomanzienock1@gmail.com"
    ],
    "department": 1,
    "semester": 1,
    "start_date": "2025-09-01",
    "end_date": "2026-01-15",
    "enrollment_limit": 50,
    "created_at": "2025-05-14T14:30:44.534Z",
    "updated_at": "2025-05-14T14:30:44.534Z",
    "prerequisites": []
  }
},
{
  "model": "courses.course",
  "pk": 26,
  "fields": {
    "code": "NET305",
    "title": "Statistics and Probability",
    "description": "Statistical methods and probability theory with applications in network analysis and performance evaluation.",
    "credits": 3,
    "instructor": [
      "impanomanzienock1@gmail.com"
    ],
    "department": 1,
    "semester": 1,
    "start_date": "2025-09-01",
    "end_date": "2026-01-15",
    "enrollment_limit": 40,
    "created_at": "2025-05-14T14:30:44.534Z",
    "updated_at": "2025-05-14T14:30:44.534Z",
    "prerequisites": []
  }
},
{
  "model": "courses.course",
  "pk": 27,
  "fields": {
    "code": "NET306",
    "title": "Philosophy, Science and Religion",
    "description": "Examination of philosophical, scientific, and religious perspectives in technology contexts.",
    "credits": 2,
    "instructor": [
      "impanomanzienock1@gmail.com"
    ],
    "department": 1,
    "semester": 1,
    "start_date": "2025-09-01",
    "end_date": "2026-01-15",
    "enrollment_limit": 30,
    "created_at": "2025-05-14T14:30:44.534Z",
    "updated_at": "2025-05-14T14:30:44.534Z",
    "prerequisites": []
  }
},
{
  "model": "courses.course",
  "pk": 28,
  "fields": {
    "code": "NET401",
    "title": "Database Management System",
    "description": "Design and implementation of database systems with focus on network applications.",
    "credits": 4,
    "instructor": [
      "impanomanzienock1@gmail.com"
    ],
    "department": 1,
    "semester": 1,
    "start_date": "2025-09-01",
    "end_date": "2026-01-15",
    "enrollment_limit": 45,
    "created_at": "2025-05-14T14:30:44.534Z",
    "updated_at": "2025-05-14T14:30:44.534Z",
    "prerequisites": []
  }
},
{
  "model": "courses.course",
  "pk": 29,
  "fields": {
    "code": "NET402",
    "title": "Web Design",
    "description": "Principles of web design including HTML, CSS, and client-side scripting for network applications.",
    "credits": 3,
    "instructor": [
      "impanomanzienock1@gmail.com"
    ],
    "department": 1,
    "semester": 1,
    "start_date": "2025-09-01",
    "end_date": "2026-01-15",
    "enrollment_limit": 45,
    "created_at": "2025-05-14T14:30:44.534Z",
    "updated_at": "2025-05-14T14:30:44.534Z",
    "prerequisites": []
  }
},
{
  "model": "courses.course",
  "pk": 30,
  "fields": {
    "code": "NET403",
    "title": "Operating Systems",
    "description": "Study of operating system concepts including process management, memory management, and file systems.",
    "credits": 4,
    "instructor": [
      "impanomanzienock1@gmail.com"
    ],
    "department": 1,
    "semester": 1,
    "start_date": "2025-09-01",
    "end_date": "2026-01-15",
    "enrollment_limit": 40,
    "created_at": "2025-05-14T14:30:44.534Z",
    "updated_at": "2025-05-14T14:30:44.534Z",
    "prerequisites": []
  }
},
{
  "model": "courses.course",
  "pk": 31,
  "fields": {
    "code": "NET404",
    "title": "Electronic Devices and Circuits",
    "description": "Fundamentals of electronic components and circuits relevant to computer networking hardware.",
    "credits": 3,
    "instructor": [
      "impanomanzienock1@gmail.com"
    ],
    "department": 1,
    "semester": 1,
    "start_date": "2025-09-01",
    "end_date": "2026-01-15",
    "enrollment_limit": 40,
    "created_at": "2025-05-14T14:30:44.534Z",
    "updated_at": "2025-05-14T14:30:44.534Z",
    "prerequisites": []
  }
},
{
  "model": "courses.course",
  "pk": 32,
  "fields": {
    "code": "NET405",
    "title": "Routing and Switching",
    "description": "Core concepts of network routing and switching technologies in modern networking environments.",
    "credits": 4,
    "instructor": [
      "impanomanzienock1@gmail.com"
    ],
    "department": 1,
    "semester": 1,
    "start_date": "2025-09-01",
    "end_date": "2026-01-15",
    "enrollment_limit": 40,
    "created_at": "2025-05-14T14:30:44.534Z",
    "updated_at": "2025-05-14T14:30:44.534Z",
    "prerequisites": []
  }
},
{
  "model": "courses.course",
  "pk": 33,
  "fields": {
    "code": "NET406",
    "title": "Object Oriented Programming",
    "description": "Principles of object-oriented programming with applications in network software development.",
    "credits": 4,
    "instructor": [
      "impanomanzienock1@gmail.com"
    ],
    "department": 1,
    "semester": 1,
    "start_date": "2025-09-01",
    "end_date": "2026-01-15",
    "enrollment_limit": 45,
    "created_at": "2025-05-14T14:30:44.534Z",
    "updated_at": "2025-05-14T14:30:44.534Z",
    "prerequisites": []
  }
},
{
  "model": "courses.course",
  "pk": 34,
  "fields": {
    "code": "NET501",
    "title": "Unix/ Linux programming",
    "description": "Programming in Unix/Linux environments with focus on network applications and system administration.",
    "credits": 4,
    "instructor": [
      "impanomanzienock1@gmail.com"
    ],
    "department": 1,
    "semester": 1,
    "start_date": "2025-09-01",
    "end_date": "2026-01-15",
    "enrollment_limit": 40,
    "created_at": "2025-05-14T14:30:44.534Z",
    "updated_at": "2025-05-14T14:30:44.534Z",
    "prerequisites": []
  }
},
{
  "model": "courses.course",
  "pk": 35,
  "fields": {
    "code": "NET502",
    "title": "Bible Doctrines",
    "description": "Study of key biblical doctrines and their relevance to ethical decision-making in technology fields.",
    "credits": 2,
    "instructor": [
      "impanomanzienock1@gmail.com"
    ],
    "department": 1,
    "semester": 1,
    "start_date": "2025-09-01",
    "end_date": "2026-01-15",
    "enrollment_limit": 30,
    "created_at": "2025-05-14T14:30:44.534Z",
    "updated_at": "2025-05-14T14:30:44.534Z",
    "prerequisites": []
  }
},
{
  "model": "courses.course",
  "pk": 36,
  "fields": {
    "code": "NET503",
    "title": "MIS",
    "description": "Management Information Systems concepts with focus on network infrastructure and data management.",
    "credits": 3,
    "instructor": [
      "impanomanzienock1@gmail.com"
    ],
    "department": 1,
    "semester": 1,
    "start_date": "2025-09-01",
    "end_date": "2026-01-15",
    "enrollment_limit": 45,
    "created_at": "2025-05-14T14:30:44.534Z",
    "updated_at": "2025-05-14T14:30:44.534Z",
    "prerequisites": []
  }
},
{
  "model": "courses.course",
  "pk": 37,
  "fields": {
    "code": "NET504",
    "title": "Java Programming",
    "description": "Java programming language with emphasis on network applications and distributed systems.",
    "credits": 4,
    "instructor": [
      "impanomanzienock1@gmail.com"
    ],
    "department": 1,
    "semester": 1,
    "start_date": "2025-09-01",
    "end_date": "2026-01-15",
    "enrollment_limit": 40,
    "created_at": "2025-05-14T14:30:44.534Z",
    "updated_at": "2025-05-14T14:30:44.534Z",
    "prerequisites": []
  }
},
{
  "model": "courses.course",
  "pk": 38,
  "fields": {
    "code": "NET505",
    "title": "Advanced Computer Networks",
    "description": "Advanced topics in computer networking including emerging technologies and protocols.",
    "credits": 4,
    "instructor": [
      "impanomanzienock1@gmail.com"
    ],
    "department": 1,
    "semester": 1,
    "start_date": "2025-09-01",
    "end_date": "2026-01-15",
    "enrollment_limit": 40,
    "created_at": "2025-05-14T14:30:44.534Z",
    "updated_at": "2025-05-14T14:30:44.534Z",
    "prerequisites": []
  }
},
{
  "model": "courses.course",
  "pk": 39,
  "fields": {
    "code": "NET601",
    "title": "Network Security",
    "description": "Principles and practices of securing computer networks against threats and vulnerabilities.",
    "credits": 4,
    "instructor": [
      "impanomanzienock1@gmail.com"
    ],
    "department": 1,
    "semester": 1,
    "start_date": "2025-09-01",
    "end_date": "2026-01-15",
    "enrollment_limit": 40,
    "created_at": "2025-05-14T14:30:44.534Z",
    "updated_at": "2025-05-14T14:30:44.534Z",
    "prerequisites": []
  }
},
{
  "model": "courses.course",
  "pk": 40,
  "fields": {
    "code": "NET602",
    "title": "Network Administration",
    "description": "Techniques for managing and maintaining computer networks in organizational environments.",
    "credits": 3,
    "instructor": [
      "impanomanzienock1@gmail.com"
    ],
    "department": 1,
    "semester": 1,
    "start_date": "2025-09-01",
    "end_date": "2026-01-15",
    "enrollment_limit": 40,
    "created_at": "2025-05-14T14:30:44.534Z",
    "updated_at": "2025-05-14T14:30:44.534Z",
    "prerequisites": []
  }
},
{
  "model": "courses.course",
  "pk": 41,
  "fields": {
    "code": "NET603",
    "title": "Data Structure and Algorithms",
    "description": "Fundamental data structures and algorithms with applications in network programming.",
    "credits": 4,
    "instructor": [
      "impanomanzienock1@gmail.com"
    ],
    "department": 1,
    "semester": 1,
    "start_date": "2025-09-01",
    "end_date": "2026-01-15",
    "enrollment_limit": 45,
    "created_at": "2025-05-14T14:30:44.534Z",
    "updated_at": "2025-05-14T14:30:44.534Z",
    "prerequisites": []
  }
},
{
  "model": "courses.course",
  "pk": 42,
  "fields": {
    "code": "NET604",
    "title": "Mobile Communication",
    "description": "Technologies and protocols for mobile communication systems and wireless networking.",
    "credits": 3,
    "instructor": [
      "impanomanzienock1@gmail.com"
    ],
    "department": 1,
    "semester": 1,
    "start_date": "2025-09-01",
    "end_date": "2026-01-15",
    "enrollment_limit": 40,
    "created_at": "2025-05-14T14:30:44.534Z",
    "updated_at": "2025-05-14T14:30:44.534Z",
    "prerequisites": []
  }
},
{
  "model": "courses.course",
  "pk": 43,
  "fields": {
    "code": "NET605",
    "title": "Network Programming (TCP/IP)",
    "description": "Programming network applications using TCP/IP protocols and socket programming.",
    "credits": 4,
    "instructor": [
      "impanomanzienock1@gmail.com"
    ],
    "department": 1,
    "semester": 1,
    "start_date": "2025-09-01",
    "end_date": "2026-01-15",
    "enrollment_limit": 40,
    "created_at": "2025-05-14T14:30:44.534Z",
    "updated_at": "2025-05-14T14:30:44.534Z",
    "prerequisites": []
  }
},
{
  "model": "courses.course",
  "pk": 44,
  "fields": {
    "code": "NET701",
    "title": "Web Technology",
    "description": "Advanced web technologies including server-side programming and web application frameworks.",
    "credits": 4,
    "instructor": [
      "impanomanzienock1@gmail.com"
    ],
    "department": 1,
    "semester": 1,
    "start_date": "2025-09-01",
    "end_date": "2026-01-15",
    "enrollment_limit": 40,
    "created_at": "2025-05-14T14:30:44.534Z",
    "updated_at": "2025-05-14T14:30:44.534Z",
    "prerequisites": []
  }
},
{
  "model": "courses.course",
  "pk": 45,
  "fields": {
    "code": "NET702",
    "title": "System Administration",
    "description": "Principles and practices of system administration in networked computing environments.",
    "credits": 3,
    "instructor": [
      "impanomanzienock1@gmail.com"
    ],
    "department": 1,
    "semester": 1,
    "start_date": "2025-09-01",
    "end_date": "2026-01-15",
    "enrollment_limit": 40,
    "created_at": "2025-05-14T14:30:44.534Z",
    "updated_at": "2025-05-14T14:30:44.534Z",
    "prerequisites": []
  }
},
{
  "model": "courses.course",
  "pk": 46,
  "fields": {
    "code": "NET703",
    "title": "Wireless Networks",
    "description": "Design and implementation of wireless network systems and mobile computing solutions.",
    "credits": 4,
    "instructor": [
      "impanomanzienock1@gmail.com"
    ],
    "department": 1,
    "semester": 1,
    "start_date": "2025-09-01",
    "end_date": "2026-01-15",
    "enrollment_limit": 40,
    "created_at": "2025-05-14T14:30:44.534Z",
    "updated_at": "2025-05-14T14:30:44.534Z",
    "prerequisites": []
  }
},
{
  "model": "courses.course",
  "pk": 47,
  "fields": {
    "code": "NET704",
    "title": "Multimedia Computing",
    "description": "Technologies for multimedia processing and transmission in networked environments.",
    "credits": 3,
    "instructor": [
      "impanomanzienock1@gmail.com"
    ],
    "department": 1,
    "semester": 1,
    "start_date": "2025-09-01",
    "end_date": "2026-01-15",
    "enrollment_limit": 40,
    "created_at": "2025-05-14T14:30:44.534Z",
    "updated_at": "2025-05-14T14:30:44.534Z",
    "prerequisites": []
  }
},
{
  "model": "courses.course",
  "pk": 48,
  "fields": {
    "code": "NET705",
    "title": "System Analysis and Design",
    "description": "Methodologies for analyzing and designing complex networked information systems.",
    "credits": 4,
    "instructor": [
      "impanomanzienock1@gmail.com"
    ],
    "department": 1,
    "semester": 1,
    "start_date": "2025-09-01",
    "end_date": "2026-01-15",
    "enrollment_limit": 40,
    "created_at": "2025-05-14T14:30:44.534Z",
    "updated_at": "2025-05-14T14:30:44.534Z",
    "prerequisites": []
  }
},
{
  "model": "courses.course",
  "pk": 49,
  "fields": {
    "code": "NET801",
    "title": "Emmerging Technologies",
    "description": "Exploration of cutting-edge technologies and their potential impact on future networking solutions.",
    "credits": 3,
    "instructor": [
      "impanomanzienock1@gmail.com"
    ],
    "department": 1,
    "semester": 1,
    "start_date": "2025-09-01",
    "end_date": "2026-01-15",
    "enrollment_limit": 35,
    "created_at": "2025-05-14T14:30:44.534Z",
    "updated_at": "2025-05-14T14:30:44.534Z",
    "prerequisites": []
  }
},
{
  "model": "courses.course",
  "pk": 50,
  "fields": {
    "code": "NET802",
    "title": "Final Project",
    "description": "Capstone project demonstrating comprehensive knowledge of networking concepts and technologies.",
    "credits": 5,
    "instructor": [
      "impanomanzienock1@gmail.com"
    ],
    "department": 1,
    "semester": 1,
    "start_date": "2025-09-01",
    "end_date": "2026-01-15",
    "enrollment_limit": 25,
    "created_at": "2025-05-14T14:30:44.534Z",
    "updated_at": "2025-05-14T14:30:44.534Z",
    "prerequisites": []
  }
},
{
  "model": "courses.course",
  "pk": 51,
  "fields": {
    "code": "NET803",
    "title": "Internship",
    "description": "Practical work experience in real-world networking environments and organizations.",
    "credits": 5,
    "instructor": [
      "impanomanzienock1@gmail.com"
    ],
    "department": 1,
    "semester": 1,
    "start_date": "2025-09-01",
    "end_date": "2026-01-15",
    "enrollment_limit": 25,
    "created_at": "2025-05-14T14:30:44.534Z",
    "updated_at": "2025-05-14T14:30:44.534Z",
    "prerequisites": []
  }
},
{
  "model": "rooms.room",
  "pk": 3,
  "fields": {
    "created_at": "2025-05-14T14:04:00.052Z",
    "updated_at": "2025-05-14T14:04:00.052Z",
    "name": "103",
    "capacity": 20
  }
},
{
  "model": "rooms.room",
  "pk": 4,
  "fields": {
    "created_at": "2025-05-14T14:04:13.923Z",
    "updated_at": "2025-05-14T14:04:13.923Z",
    "name": "109",
    "capacity": 10
  }
},
{
  "model": "rooms.room",
  "pk": 5,
  "fields": {
    "created_at": "2025-05-14T14:04:42.273Z",
    "updated_at": "2025-05-14T14:04:42.273Z",
    "name": "104",
    "capacity": 5
  }
},
{
  "model": "rooms.room",
  "pk": 6,
  "fields": {
    "created_at": "2025-05-14T14:05:52.788Z",
    "updated_at": "2025-05-14T14:05:52.788Z",
    "name": "108",
    "capacity": 10
  }
},
{
  "model": "rooms.room",
  "pk": 7,
  "fields": {
    "created_at": "2025-05-14T14:06:35.564Z",
    "updated_at": "2025-05-14T14:06:35.564Z",
    "name": "204",
    "capacity": 20
  }
},
{
  "model": "rooms.room",
  "pk": 8,
  "fields": {
    "created_at": "2025-05-14T14:06:49.530Z",
    "updated_at": "2025-05-14T14:06:49.530Z",
    "name": "209",
    "capacity": 4
  }
},
{
  "model": "rooms.room",
  "pk": 9,
  "fields": {
    "created_at": "2025-05-14T14:07:00.820Z",
    "updated_at": "2025-05-14T14:07:00.820Z",
    "name": "310",
    "capacity": 4
  }
},
{
  "model": "rooms.room",
  "pk": 10,
  "fields": {
    "created_at": "2025-05-14T14:07:25.936Z",
    "updated_at": "2025-05-14T14:07:25.936Z",
    "name": "106",
    "capacity": 4
  }
},
{
  "model": "rooms.room",
  "pk": 11,
  "fields": {
    "created_at": "2025-05-14T14:07:39.458Z",
    "updated_at": "2025-05-14T14:07:39.458Z",
    "name": "206",
    "capacity": 4
  }
},
{
  "model": "rooms.room",
  "pk": 12,
  "fields": {
    "created_at": "2025-05-14T14:07:52.364Z",
    "updated_at": "2025-05-14T14:07:52.364Z",
    "name": "308",
    "capacity": 4
  }
},
{
  "model": "rooms.room",
  "pk": 13,
  "fields": {
    "created_at": "2025-05-14T14:08:20.662Z",
    "updated_at": "2025-05-14T14:08:20.662Z",
    "name": "105",
    "capacity": 4
  }
},
{
  "model": "rooms.room",
  "pk": 14,
  "fields": {
    "created_at": "2025-05-14T14:08:32.900Z",
    "updated_at": "2025-05-14T14:08:32.900Z",
    "name": "107",
    "capacity": 4
  }
},
{
  "model": "rooms.room",
  "pk": 15,
  "fields": {
    "created_at": "2025-05-14T14:08:44.599Z",
    "updated_at": "2025-05-14T14:08:44.599Z",
    "name": "205",
    "capacity": 4
  }
},
{
  "model": "rooms.room",
  "pk": 16,
  "fields": {
    "created_at": "2025-05-14T14:08:52.664Z",
    "updated_at": "2025-05-14T14:08:52.664Z",
    "name": "207",
    "capacity": 4
  }
},
{
  "model": "rooms.room",
  "pk": 17,
  "fields": {
    "created_at": "2025-05-14T14:09:01.704Z",
    "updated_at": "2025-05-14T14:09:01.704Z",
    "name": "307",
    "capacity": 4
  }
},
{
  "model": "rooms.room",
  "pk": 18,
  "fields": {
    "created_at": "2025-05-14T14:09:09.737Z",
    "updated_at": "2025-05-14T14:09:09.737Z",
    "name": "309",
    "capacity": 4
  }
},
{
  "model": "exams.exam",
  "pk": 1817,
  "fields": {
    "created_at": "2025-05-15T10:07:35.980Z",
    "updated_at": "2025-05-15T10:07:35.981Z",
    "course": 10,
    "date": "2025-05-16",
    "start_time": "08:00:00",
    "end_time": "11:00:00",
    "room": null,
    "status": "SCHEDULED"
  }
},
{
  "model": "exams.exam",
  "pk": 1818,
  "fields": {
    "created_at": "2025-05-15T10:07:35.984Z",
    "updated_at": "2025-05-15T10:07:35.984Z",
    "course": 18,
    "date": "2025-05-16",
    "start_time": "08:00:00",
    "end_time": "11:00:00",
    "room": null,
    "status": "SCHEDULED"
  }
},
{
  "model": "exams.exam",
  "pk": 1819,
  "fields": {
    "created_at": "2025-05-15T10:07:35.988Z",
    "updated_at": "2025-05-15T10:07:35.988Z",
    "course": 19,
    "date": "2025-05-16",
    "start_time": "08:00:00",
    "end_time": "11:00:00",
    "room": null,
    "status": "SCHEDULED"
  }
},
{
  "model": "exams.exam",
  "pk": 1820,
  "fields": {
    "created_at": "2025-05-15T10:07:35.991Z",
    "updated_at": "2025-05-15T10:07:35.991Z",
    "course": 20,
    "date": "2025-05-16",
    "start_time": "08:00:00",
    "end_time": "11:00:00",
    "room": null,
    "status": "SCHEDULED"
  }
},
{
  "model": "exams.exam",
  "pk": 1821,
  "fields": {
    "created_at": "2025-05-15T10:07:35.994Z",
    "updated_at": "2025-05-15T10:07:35.994Z",
    "course": 24,
    "date": "2025-05-16",
    "start_time": "08:00:00",
    "end_time": "11:00:00",
    "room": null,
    "status": "SCHEDULED"
  }
},
{
  "model": "exams.exam",
  "pk": 1822,
  "fields": {
    "created_at": "2025-05-15T10:07:35.997Z",
    "updated_at": "2025-05-15T10:07:35.997Z",
    "course": 25,
    "date": "2025-05-16",
    "start_time": "08:00:00",
    "end_time": "11:00:00",
    "room": null,
    "status": "SCHEDULED"
  }
},
{
  "model": "exams.exam",
  "pk": 1823,
  "fields": {
    "created_at": "2025-05-15T10:07:36.000Z",
    "updated_at": "2025-05-15T10:07:36.000Z",
    "course": 26,
    "date": "2025-05-16",
    "start_time": "08:00:00",
    "end_time": "11:00:00",
    "room": null,
    "status": "SCHEDULED"
  }
},
{
  "model": "exams.exam",
  "pk": 1824,
  "fields": {
    "created_at": "2025-05-15T10:07:36.015Z",
    "updated_at": "2025-05-15T10:07:36.015Z",
    "course": 27,
    "date": "2025-05-16",
    "start_time": "08:00:00",
    "end_time": "11:00:00",
    "room": null,
    "status": "SCHEDULED"
  }
},
{
  "model": "exams.exam",
  "pk": 1825,
  "fields": {
    "created_at": "2025-05-15T10:07:36.019Z",
    "updated_at": "2025-05-15T10:07:36.019Z",
    "course": 28,
    "date": "2025-05-16",
    "start_time": "08:00:00",
    "end_time": "11:00:00",
    "room": null,
    "status": "SCHEDULED"
  }
},
{
  "model": "exams.exam",
  "pk": 1826,
  "fields": {
    "created_at": "2025-05-15T10:07:36.023Z",
    "updated_at": "2025-05-15T10:07:36.023Z",
    "course": 29,
    "date": "2025-05-16",
    "start_time": "08:00:00",
    "end_time": "11:00:00",
    "room": null,
    "status": "SCHEDULED"
  }
},
{
  "model": "exams.exam",
  "pk": 1827,
  "fields": {
    "created_at": "2025-05-15T10:07:36.227Z",
    "updated_at": "2025-05-15T10:07:36.227Z",
    "course": 11,
    "date": "2025-05-21",
    "start_time": "08:00:00",
    "end_time": "11:00:00",
    "room": null,
    "status": "SCHEDULED"
  }
},
{
  "model": "exams.exam",
  "pk": 1828,
  "fields": {
    "created_at": "2025-05-15T10:07:36.230Z",
    "updated_at": "2025-05-15T10:07:36.230Z",
    "course": 30,
    "date": "2025-05-21",
    "start_time": "08:00:00",
    "end_time": "11:00:00",
    "room": null,
    "status": "SCHEDULED"
  }
},
{
  "model": "exams.exam",
  "pk": 1829,
  "fields": {
    "created_at": "2025-05-15T10:07:36.232Z",
    "updated_at": "2025-05-15T10:07:36.232Z",
    "course": 32,
    "date": "2025-05-21",
    "start_time": "08:00:00",
    "end_time": "11:00:00",
    "room": null,
    "status": "SCHEDULED"
  }
},
{
  "model": "exams.exam",
  "pk": 1830,
  "fields": {
    "created_at": "2025-05-15T10:07:36.235Z",
    "updated_at": "2025-05-15T10:07:36.235Z",
    "course": 33,
    "date": "2025-05-21",
    "start_time": "08:00:00",
    "end_time": "11:00:00",
    "room": null,
    "status": "SCHEDULED"
  }
},
{
  "model": "exams.exam",
  "pk": 1831,
  "fields": {
    "created_at": "2025-05-15T10:07:36.238Z",
    "updated_at": "2025-05-15T10:07:36.239Z",
    "course": 34,
    "date": "2025-05-21",
    "start_time": "08:00:00",
    "end_time": "11:00:00",
    "room": null,
    "status": "SCHEDULED"
  }
},
{
  "model": "exams.exam",
  "pk": 1832,
  "fields": {
    "created_at": "2025-05-15T10:07:36.240Z",
    "updated_at": "2025-05-15T10:07:36.240Z",
    "course": 35,
    "date": "2025-05-21",
    "start_time": "08:00:00",
    "end_time": "11:00:00",
    "room": null,
    "status": "SCHEDULED"
  }
},
{
  "model": "exams.exam",
  "pk": 1833,
  "fields": {
    "created_at": "2025-05-15T10:07:36.243Z",
    "updated_at": "2025-05-15T10:07:36.243Z",
    "course": 36,
    "date": "2025-05-21",
    "start_time": "08:00:00",
    "end_time": "11:00:00",
    "room": null,
    "status": "SCHEDULED"
  }
},
{
  "model": "exams.exam",
  "pk": 1834,
  "fields": {
    "created_at": "2025-05-15T10:07:36.245Z",
    "updated_at": "2025-05-15T10:07:36.245Z",
    "course": 37,
    "date": "2025-05-21",
    "start_time": "08:00:00",
    "end_time": "11:00:00",
    "room": null,
    "status": "SCHEDULED"
  }
},
{
  "model": "exams.exam",
  "pk": 1835,
  "fields": {
    "created_at": "2025-05-15T10:07:36.248Z",
    "updated_at": "2025-05-15T10:07:36.248Z",
    "course": 38,
    "date": "2025-05-21",
    "start_time": "08:00:00",
    "end_time": "11:00:00",
    "room": null,
    "status": "SCHEDULED"
  }
},
{
  "model": "exams.exam",
  "pk": 1836,
  "fields": {
    "created_at": "2025-05-15T10:07:36.250Z",
    "updated_at": "2025-05-15T10:07:36.250Z",
    "course": 39,
    "date": "2025-05-21",
    "start_time": "08:00:00",
    "end_time": "11:00:00",
    "room": null,
    "status": "SCHEDULED"
  }
},
{
  "model": "exams.exam",
  "pk": 1837,
  "fields": {
    "created_at": "2025-05-15T10:07:36.435Z",
    "updated_at": "2025-05-15T10:07:36.435Z",
    "course": 12,
    "date": "2025-05-13",
    "start_time": "08:00:00",
    "end_time": "11:00:00",
    "room": null,
    "status": "COMPLETED"
  }
},
{
  "model": "exams.exam",
  "pk": 1838,
  "fields": {
    "created_at": "2025-05-15T10:07:36.438Z",
    "updated_at": "2025-05-15T10:07:36.439Z",
    "course": 41,
    "date": "2025-05-13",
    "start_time": "08:00:00",
    "end_time": "11:00:00",
    "room": null,
    "status": "COMPLETED"
  }
},
{
  "model": "exams.exam",
  "pk": 1839,
  "fields": {
    "created_at": "2025-05-15T10:07:36.441Z",
    "updated_at": "2025-05-15T10:07:36.441Z",
    "course": 40,
    "date": "2025-05-13",
    "start_time": "08:00:00",
    "end_time": "11:00:00",
    "room": null,
    "status": "COMPLETED"
  }
},
{
  "model": "exams.exam",
  "pk": 1840,
  "fields": {
    "created_at": "2025-05-15T10:07:36.444Z",
    "updated_at": "2025-05-15T10:07:36.444Z",
    "course": 44,
    "date": "2025-05-13",
    "start_time": "08:00:00",
    "end_time": "11:00:00",
    "room": null,
    "status": "COMPLETED"
  }
},
{
  "model": "exams.exam",
  "pk": 1841,
  "fields": {
    "created_at": "2025-05-15T10:07:36.446Z",
    "updated_at": "2025-05-15T10:07:36.446Z",
    "course": 45,
    "date": "2025-05-13",
    "start_time": "08:00:00",
    "end_time": "11:00:00",
    "room": null,
    "status": "COMPLETED"
  }
},
{
  "model": "exams.exam",
  "pk": 1842,
  "fields": {
    "created_at": "2025-05-15T10:07:36.449Z",
    "updated_at": "2025-05-15T10:07:36.449Z",
    "course": 46,
    "date": "2025-05-13",
    "start_time": "08:00:00",
    "end_time": "11:00:00",
    "room": null,
    "status": "COMPLETED"
  }
},
{
  "model": "exams.exam",
  "pk": 1843,
  "fields": {
    "created_at": "2025-05-15T10:07:36.451Z",
    "updated_at": "2025-05-15T10:07:36.451Z",
    "course": 47,
    "date": "2025-05-13",
    "start_time": "08:00:00",
    "end_time": "11:00:00",
    "room": null,
    "status": "COMPLETED"
  }
},
{
  "model": "exams.exam",
  "pk": 1844,
  "fields": {
    "created_at": "2025-05-15T10:07:36.455Z",
    "updated_at": "2025-05-15T10:07:36.455Z",
    "course": 48,
    "date": "2025-05-13",
    "start_time": "08:00:00",
    "end_time": "11:00:00",
    "room": null,
    "status": "COMPLETED"
  }
},
{
  "model": "exams.exam",
  "pk": 1845,
  "fields": {
    "created_at": "2025-05-15T10:07:36.457Z",
    "updated_at": "2025-05-15T10:07:36.457Z",
    "course": 49,
    "date": "2025-05-13",
    "start_time": "08:00:00",
    "end_time": "11:00:00",
    "room": null,
    "status": "COMPLETED"
  }
},
{
  "model": "exams.exam",
  "pk": 1846,
  "fields": {
    "created_at": "2025-05-15T10:07:36.459Z",
    "updated_at": "2025-05-15T10:07:36.459Z",
    "course": 50,
    "date": "2025-05-13",
    "start_time": "08:00:00",
    "end_time": "11:00:00",
    "room": null,
    "status": "COMPLETED"
  }
},
{
  "model": "exams.exam",
  "pk": 1847,
  "fields": {
    "created_at": "2025-05-15T10:07:36.581Z",
    "updated_at": "2025-05-15T10:07:36.581Z",
    "course": 13,
    "date": "2025-05-14",
    "start_time": "08:00:00",
    "end_time": "11:00:00",
    "room": null,
    "status": "COMPLETED"
  }
},
{
  "model": "exams.exam",
  "pk": 1848,
  "fields": {
    "created_at": "2025-05-15T10:07:36.584Z",
    "updated_at": "2025-05-15T10:07:36.584Z",
    "course": 42,
    "date": "2025-05-14",
    "start_time": "08:00:00",
    "end_time": "11:00:00",
    "room": null,
    "status": "COMPLETED"
  }
},
{
  "model": "exams.exam",
  "pk": 1849,
  "fields": {
    "created_at": "2025-05-15T10:07:36.589Z",
    "updated_at": "2025-05-15T10:07:36.589Z",
    "course": 21,
    "date": "2025-05-14",
    "start_time": "08:00:00",
    "end_time": "11:00:00",
    "room": null,
    "status": "COMPLETED"
  }
},
{
  "model": "exams.exam",
  "pk": 1850,
  "fields": {
    "created_at": "2025-05-15T10:07:36.592Z",
    "updated_at": "2025-05-15T10:07:36.592Z",
    "course": 51,
    "date": "2025-05-14",
    "start_time": "08:00:00",
    "end_time": "11:00:00",
    "room": null,
    "status": "COMPLETED"
  }
},
{
  "model": "exams.exam",
  "pk": 1851,
  "fields": {
    "created_at": "2025-05-15T10:07:36.595Z",
    "updated_at": "2025-05-15T10:07:36.595Z",
    "course": 31,
    "date": "2025-05-14",
    "start_time": "08:00:00",
    "end_time": "11:00:00",
    "room": null,
    "status": "COMPLETED"
  }
},
{
  "model": "exams.exam",
  "pk": 1852,
  "fields": {
    "created_at": "2025-05-15T10:07:36.656Z",
    "updated_at": "2025-05-15T10:07:36.656Z",
    "course": 14,
    "date": "2025-05-15",
    "start_time": "08:00:00",
    "end_time": "11:00:00",
    "room": null,
    "status": "COMPLETED"
  }
},
{
  "model": "exams.exam",
  "pk": 1853,
  "fields": {
    "created_at": "2025-05-15T10:07:36.658Z",
    "updated_at": "2025-05-15T10:07:36.659Z",
    "course": 17,
    "date": "2025-05-15",
    "start_time": "08:00:00",
    "end_time": "11:00:00",
    "room": null,
    "status": "COMPLETED"
  }
},
{
  "model": "exams.exam",
  "pk": 1854,
  "fields": {
    "created_at": "2025-05-15T10:07:36.661Z",
    "updated_at": "2025-05-15T10:07:36.661Z",
    "course": 22,
    "date": "2025-05-15",
    "start_time": "08:00:00",
    "end_time": "11:00:00",
    "room": null,
    "status": "COMPLETED"
  }
},
{
  "model": "exams.exam",
  "pk": 1855,
  "fields": {
    "created_at": "2025-05-15T10:07:36.711Z",
    "updated_at": "2025-05-15T10:07:36.711Z",
    "course": 15,
    "date": "2025-05-18",
    "start_time": "08:00:00",
    "end_time": "11:00:00",
    "room": null,
    "status": "SCHEDULED"
  }
},
{
  "model": "exams.exam",
  "pk": 1856,
  "fields": {
    "created_at": "2025-05-15T10:07:36.714Z",
    "updated_at": "2025-05-15T10:07:36.714Z",
    "course": 43,
    "date": "2025-05-18",
    "start_time": "08:00:00",
    "end_time": "11:00:00",
    "room": null,
    "status": "SCHEDULED"
  }
},
{
  "model": "exams.exam",
  "pk": 1857,
  "fields": {
    "created_at": "2025-05-15T10:07:36.717Z",
    "updated_at": "2025-05-15T10:07:36.717Z",
    "course": 23,
    "date": "2025-05-18",
    "start_time": "08:00:00",
    "end_time": "11:00:00",
    "room": null,
    "status": "SCHEDULED"
  }
},
{
  "model": "exams.exam",
  "pk": 1858,
  "fields": {
    "created_at": "2025-05-15T10:07:36.749Z",
    "updated_at": "2025-05-15T10:07:36.749Z",
    "course": 16,
    "date": "2025-05-19",
    "start_time": "08:00:00",
    "end_time": "11:00:00",
    "room": null,
    "status": "SCHEDULED"
  }
},
{
  "model": "exams.studentexam",
  "pk": 93485,
  "fields": {
    "created_at": "2025-05-15T10:07:36.030Z",
    "updated_at": "2025-05-15T10:07:36.030Z",
    "student": 95,
    "exam": 1817,
    "room": 3,
    "status": "PENDING"
  }
},
{
  "model": "exams.studentexam",
  "pk": 93486,
  "fields": {
    "created_at": "2025-05-15T10:07:36.031Z",
    "updated_at": "2025-05-15T10:07:36.031Z",
    "student": 58,
    "exam": 1817,
    "room": 3,
    "status": "PENDING"
  }
},
{
  "model": "exams.studentexam",
  "pk": 93487,
  "fields": {
    "created_at": "2025-05-15T10:07:36.031Z",
    "updated_at": "2025-05-15T10:07:36.031Z",
    "student": 85,
    "exam": 1817,
    "room": 3,
    "status": "PENDING"
  }
},
{
  "model": "exams.studentexam",
  "pk": 93488,
  "fields": {
    "created_at": "2025-05-15T10:07:36.259Z",
    "updated_at": "2025-05-15T10:07:36.259Z",
    "student": 95,
    "exam": 1827,
    "room": 3,
    "status": "PENDING"
  }
},
{
  "model": "exams.studentexam",
  "pk": 93489,
  "fields": {
    "created_at": "2025-05-15T10:07:36.259Z",
    "updated_at": "2025-05-15T10:07:36.259Z",
    "student": 58,
    "exam": 1827,
    "room": 3,
    "status": "PENDING"
  }
},
{
  "model": "exams.studentexam",
  "pk": 93490,
  "fields": {
    "created_at": "2025-05-15T10:07:36.259Z",
    "updated_at": "2025-05-15T10:07:36.259Z",
    "student": 85,
    "exam": 1827,
    "room": 3,
    "status": "PENDING"
  }
},
{
  "model": "exams.studentexam",
  "pk": 93491,
  "fields": {
    "created_at": "2025-05-15T10:07:36.463Z",
    "updated_at": "2025-05-15T10:07:36.463Z",
    "student": 95,
    "exam": 1837,
    "room": 3,
    "status": "PENDING"
  }
},
{
  "model": "exams.studentexam",
  "pk": 93492,
  "fields": {
    "created_at": "2025-05-15T10:07:36.463Z",
    "updated_at": "2025-05-15T10:07:36.463Z",
    "student": 58,
    "exam": 1837,
    "room": 3,
    "status": "PENDING"
  }
},
{
  "model": "exams.studentexam",
  "pk": 93493,
  "fields": {
    "created_at": "2025-05-15T10:07:36.467Z",
    "updated_at": "2025-05-15T10:07:36.467Z",
    "student": 85,
    "exam": 1838,
    "room": 3,
    "status": "PENDING"
  }
},
{
  "model": "exams.studentexam",
  "pk": 93494,
  "fields": {
    "created_at": "2025-05-15T10:07:36.599Z",
    "updated_at": "2025-05-15T10:07:36.599Z",
    "student": 95,
    "exam": 1847,
    "room": 3,
    "status": "PENDING"
  }
},
{
  "model": "exams.studentexam",
  "pk": 93495,
  "fields": {
    "created_at": "2025-05-15T10:07:36.604Z",
    "updated_at": "2025-05-15T10:07:36.604Z",
    "student": 85,
    "exam": 1848,
    "room": 3,
    "status": "PENDING"
  }
},
{
  "model": "exams.studentexam",
  "pk": 93496,
  "fields": {
    "created_at": "2025-05-15T10:07:36.606Z",
    "updated_at": "2025-05-15T10:07:36.606Z",
    "student": 58,
    "exam": 1849,
    "room": 3,
    "status": "PENDING"
  }
},
{
  "model": "exams.studentexam",
  "pk": 93497,
  "fields": {
    "created_at": "2025-05-15T10:07:36.665Z",
    "updated_at": "2025-05-15T10:07:36.665Z",
    "student": 95,
    "exam": 1852,
    "room": 3,
    "status": "PENDING"
  }
},
{
  "model": "exams.studentexam",
  "pk": 93498,
  "fields": {
    "created_at": "2025-05-15T10:07:36.668Z",
    "updated_at": "2025-05-15T10:07:36.668Z",
    "student": 85,
    "exam": 1853,
    "room": 3,
    "status": "PENDING"
  }
},
{
  "model": "exams.studentexam",
  "pk": 93499,
  "fields": {
    "created_at": "2025-05-15T10:07:36.673Z",
    "updated_at": "2025-05-15T10:07:36.674Z",
    "student": 58,
    "exam": 1854,
    "room": 3,
    "status": "PENDING"
  }
},
{
  "model": "exams.studentexam",
  "pk": 93500,
  "fields": {
    "created_at": "2025-05-15T10:07:36.723Z",
    "updated_at": "2025-05-15T10:07:36.723Z",
    "student": 95,
    "exam": 1855,
    "room": 3,
    "status": "PENDING"
  }
},
{
  "model": "exams.studentexam",
  "pk": 93501,
  "fields": {
    "created_at": "2025-05-15T10:07:36.726Z",
    "updated_at": "2025-05-15T10:07:36.726Z",
    "student": 85,
    "exam": 1856,
    "room": 3,
    "status": "PENDING"
  }
},
{
  "model": "exams.studentexam",
  "pk": 93502,
  "fields": {
    "created_at": "2025-05-15T10:07:36.729Z",
    "updated_at": "2025-05-15T10:07:36.729Z",
    "student": 58,
    "exam": 1857,
    "room": 3,
    "status": "PENDING"
  }
},
{
  "model": "Admin.admin",
  "pk": 1,
  "fields": {
    "user": [
      "impanomanzienock234@gmail.com"
    ]
  }
},
{
  "model": "departments.department",
  "pk": 1,
  "fields": {
    "created_at": "2025-05-12T15:18:37.778Z",
    "updated_at": "2025-05-12T15:18:37.778Z",
    "code": "SWED",
    "name": "SOFTWARE ENGINEERING DEPARTMENT"
  }
},
{
  "model": "departments.department",
  "pk": 2,
  "fields": {
    "created_at": "2025-05-14T14:28:12.023Z",
    "updated_at": "2025-05-14T14:28:12.023Z",
    "code": "NCSSD",
    "name": "NETWORKS AND COMMUNICATION SYSTEMS DEPARTMENT"
  }
},
{
  "model": "departments.department",
  "pk": 4,
  "fields": {
    "created_at": "2025-05-14T14:29:26.896Z",
    "updated_at": "2025-05-14T14:29:26.896Z",
    "code": "IMD",
    "name": "INFORMATION MANAGEMENT DEPARTMENT"
  }
},
{
  "model": "semesters.semester",
  "pk": 1,
  "fields": {
    "created_at": "2025-05-12T15:19:47.918Z",
    "updated_at": "2025-05-12T15:19:47.918Z",
    "name": "Semester 1",
    "start_date": "2025-09-01",
    "end_date": "2025-12-20"
  }
},
{
  "model": "semesters.semester",
  "pk": 2,
  "fields": {
    "created_at": "2025-05-14T15:04:47.458Z",
    "updated_at": "2025-05-14T15:04:47.458Z",
    "name": "Semester 2",
    "start_date": "2025-04-01",
    "end_date": "2025-08-01"
  }
},
{
  "model": "semesters.semester",
  "pk": 3,
  "fields": {
    "created_at": "2025-05-14T15:04:55.846Z",
    "updated_at": "2025-05-14T15:04:55.846Z",
    "name": "Semester 3",
    "start_date": "2025-04-01",
    "end_date": "2025-08-01"
  }
},
{
  "model": "semesters.semester",
  "pk": 4,
  "fields": {
    "created_at": "2025-05-14T15:07:56.552Z",
    "updated_at": "2025-05-14T15:07:56.552Z",
    "name": "Semester 4",
    "start_date": "2025-04-01",
    "end_date": "2025-08-01"
  }
},
{
  "model": "semesters.semester",
  "pk": 5,
  "fields": {
    "created_at": "2025-05-14T15:08:00.798Z",
    "updated_at": "2025-05-14T15:08:00.798Z",
    "name": "Semester 5",
    "start_date": "2025-04-01",
    "end_date": "2025-08-01"
  }
},
{
  "model": "semesters.semester",
  "pk": 6,
  "fields": {
    "created_at": "2025-05-14T15:08:02.801Z",
    "updated_at": "2025-05-14T15:08:02.801Z",
    "name": "Semester 6",
    "start_date": "2025-04-01",
    "end_date": "2025-08-01"
  }
},
{
  "model": "semesters.semester",
  "pk": 7,
  "fields": {
    "created_at": "2025-05-14T15:08:04.057Z",
    "updated_at": "2025-05-14T15:08:04.057Z",
    "name": "Semester 7",
    "start_date": "2025-04-01",
    "end_date": "2025-08-01"
  }
},
{
  "model": "semesters.semester",
  "pk": 8,
  "fields": {
    "created_at": "2025-05-14T15:08:04.943Z",
    "updated_at": "2025-05-14T15:08:04.943Z",
    "name": "Semester 8",
    "start_date": "2025-04-01",
    "end_date": "2025-08-01"
  }
},
{
  "model": "enrollments.enrollment",
  "pk": 6211,
  "fields": {
    "created_at": "2025-05-15T01:38:03.796Z",
    "updated_at": "2025-05-15T01:38:03.796Z",
    "student": 95,
    "course": 10,
    "enrollment_date": "2025-05-15",
    "status": "enrolled",
    "final_grade": null
  }
},
{
  "model": "enrollments.enrollment",
  "pk": 6212,
  "fields": {
    "created_at": "2025-05-15T01:38:08.958Z",
    "updated_at": "2025-05-15T01:38:08.958Z",
    "student": 95,
    "course": 11,
    "enrollment_date": "2025-05-15",
    "status": "enrolled",
    "final_grade": null
  }
},
{
  "model": "enrollments.enrollment",
  "pk": 6213,
  "fields": {
    "created_at": "2025-05-15T01:38:14.293Z",
    "updated_at": "2025-05-15T01:38:14.293Z",
    "student": 95,
    "course": 12,
    "enrollment_date": "2025-05-15",
    "status": "enrolled",
    "final_grade": null
  }
},
{
  "model": "enrollments.enrollment",
  "pk": 6214,
  "fields": {
    "created_at": "2025-05-15T01:38:18.706Z",
    "updated_at": "2025-05-15T01:38:18.706Z",
    "student": 95,
    "course": 13,
    "enrollment_date": "2025-05-15",
    "status": "enrolled",
    "final_grade": null
  }
},
{
  "model": "enrollments.enrollment",
  "pk": 6215,
  "fields": {
    "created_at": "2025-05-15T01:38:23.289Z",
    "updated_at": "2025-05-15T01:38:23.289Z",
    "student": 95,
    "course": 14,
    "enrollment_date": "2025-05-15",
    "status": "enrolled",
    "final_grade": null
  }
},
{
  "model": "enrollments.enrollment",
  "pk": 6216,
  "fields": {
    "created_at": "2025-05-15T01:38:28.489Z",
    "updated_at": "2025-05-15T01:38:28.490Z",
    "student": 95,
    "course": 15,
    "enrollment_date": "2025-05-15",
    "status": "enrolled",
    "final_grade": null
  }
},
{
  "model": "enrollments.enrollment",
  "pk": 6217,
  "fields": {
    "created_at": "2025-05-15T01:38:33.032Z",
    "updated_at": "2025-05-15T01:38:33.032Z",
    "student": 95,
    "course": 16,
    "enrollment_date": "2025-05-15",
    "status": "enrolled",
    "final_grade": null
  }
},
{
  "model": "enrollments.enrollment",
  "pk": 6218,
  "fields": {
    "created_at": "2025-05-15T01:40:54.049Z",
    "updated_at": "2025-05-15T01:40:54.049Z",
    "student": 58,
    "course": 10,
    "enrollment_date": "2025-05-15",
    "status": "enrolled",
    "final_grade": null
  }
},
{
  "model": "enrollments.enrollment",
  "pk": 6219,
  "fields": {
    "created_at": "2025-05-15T01:40:58.805Z",
    "updated_at": "2025-05-15T01:40:58.805Z",
    "student": 58,
    "course": 11,
    "enrollment_date": "2025-05-15",
    "status": "enrolled",
    "final_grade": null
  }
},
{
  "model": "enrollments.enrollment",
  "pk": 6220,
  "fields": {
    "created_at": "2025-05-15T01:41:03.356Z",
    "updated_at": "2025-05-15T01:41:03.356Z",
    "student": 58,
    "course": 12,
    "enrollment_date": "2025-05-15",
    "status": "enrolled",
    "final_grade": null
  }
},
{
  "model": "enrollments.enrollment",
  "pk": 6221,
  "fields": {
    "created_at": "2025-05-15T01:41:10.976Z",
    "updated_at": "2025-05-15T01:41:10.976Z",
    "student": 58,
    "course": 21,
    "enrollment_date": "2025-05-15",
    "status": "enrolled",
    "final_grade": null
  }
},
{
  "model": "enrollments.enrollment",
  "pk": 6222,
  "fields": {
    "created_at": "2025-05-15T01:41:15.818Z",
    "updated_at": "2025-05-15T01:41:15.818Z",
    "student": 58,
    "course": 22,
    "enrollment_date": "2025-05-15",
    "status": "enrolled",
    "final_grade": null
  }
},
{
  "model": "enrollments.enrollment",
  "pk": 6223,
  "fields": {
    "created_at": "2025-05-15T01:41:20.603Z",
    "updated_at": "2025-05-15T01:41:20.603Z",
    "student": 58,
    "course": 23,
    "enrollment_date": "2025-05-15",
    "status": "enrolled",
    "final_grade": null
  }
},
{
  "model": "enrollments.enrollment",
  "pk": 6224,
  "fields": {
    "created_at": "2025-05-15T01:42:35.755Z",
    "updated_at": "2025-05-15T01:42:35.755Z",
    "student": 85,
    "course": 10,
    "enrollment_date": "2025-05-15",
    "status": "enrolled",
    "final_grade": null
  }
},
{
  "model": "enrollments.enrollment",
  "pk": 6225,
  "fields": {
    "created_at": "2025-05-15T01:42:41.686Z",
    "updated_at": "2025-05-15T01:42:41.686Z",
    "student": 85,
    "course": 11,
    "enrollment_date": "2025-05-15",
    "status": "enrolled",
    "final_grade": null
  }
},
{
  "model": "enrollments.enrollment",
  "pk": 6226,
  "fields": {
    "created_at": "2025-05-15T01:42:49.661Z",
    "updated_at": "2025-05-15T01:42:49.661Z",
    "student": 85,
    "course": 41,
    "enrollment_date": "2025-05-15",
    "status": "enrolled",
    "final_grade": null
  }
},
{
  "model": "enrollments.enrollment",
  "pk": 6227,
  "fields": {
    "created_at": "2025-05-15T01:42:54.604Z",
    "updated_at": "2025-05-15T01:42:54.604Z",
    "student": 85,
    "course": 42,
    "enrollment_date": "2025-05-15",
    "status": "enrolled",
    "final_grade": null
  }
},
{
  "model": "enrollments.enrollment",
  "pk": 6228,
  "fields": {
    "created_at": "2025-05-15T01:42:59.903Z",
    "updated_at": "2025-05-15T01:42:59.903Z",
    "student": 85,
    "course": 43,
    "enrollment_date": "2025-05-15",
    "status": "enrolled",
    "final_grade": null
  }
},
{
  "model": "enrollments.enrollment",
  "pk": 6229,
  "fields": {
    "created_at": "2025-05-15T01:43:05.718Z",
    "updated_at": "2025-05-15T01:43:05.718Z",
    "student": 85,
    "course": 17,
    "enrollment_date": "2025-05-15",
    "status": "enrolled",
    "final_grade": null
  }
},
{
  "model": "token_blacklist.outstandingtoken",
  "pk": 1,
  "fields": {
    "user": [
      "impanomanzienock@gmail.com"
    ],
    "jti": "a59ac912fd19404f893a6755b7f480f6",
    "token": "eyJhbGciOiJIUzI1NiIsInR5cCI6IkpXVCJ9.eyJ0b2tlbl90eXBlIjoicmVmcmVzaCIsImV4cCI6MTc0NzE1NjQ3MywiaWF0IjoxNzQ3MDcwMDczLCJqdGkiOiJhNTlhYzkxMmZkMTk0MDRmODkzYTY3NTViN2Y0ODBmNiIsInVzZXJfaWQiOjEsImVtYWlsIjoiaW1wYW5vbWFuemllbm9ja0BnbWFpbC5jb20iLCJyb2xlIjoiYWRtaW4ifQ.KaCQSSD_2EG3MP5h68x3hC_EvAKLLhqIOy8J8HbgAts",
    "created_at": "2025-05-12T18:57:07.529Z",
    "expires_at": "2025-05-13T17:14:33Z"
  }
},
{
  "model": "token_blacklist.outstandingtoken",
  "pk": 2,
  "fields": {
    "user": [
      "impanomanzienock@gmail.com"
    ],
    "jti": "d5ca4f0d6c3542df8c5a9ab55c769c1b",
    "token": "eyJhbGciOiJIUzI1NiIsInR5cCI6IkpXVCJ9.eyJ0b2tlbl90eXBlIjoicmVmcmVzaCIsImV4cCI6MTc0NzE2Mjg1NiwiaWF0IjoxNzQ3MDc2NDU2LCJqdGkiOiJkNWNhNGYwZDZjMzU0MmRmOGM1YTlhYjU1Yzc2OWMxYiIsInVzZXJfaWQiOjF9.WJR_oCEdCKcofcc_f3ltsXslu-O1SI1LL6OODJj1hyg",
    "created_at": "2025-05-12T19:00:56.386Z",
    "expires_at": "2025-05-13T19:00:56Z"
  }
},
{
  "model": "token_blacklist.outstandingtoken",
  "pk": 3,
  "fields": {
    "user": [
      "impanomanzienock@gmail.com"
    ],
    "jti": "e9c2e41496ad4af0993e6170993fccee",
    "token": "eyJhbGciOiJIUzI1NiIsInR5cCI6IkpXVCJ9.eyJ0b2tlbl90eXBlIjoicmVmcmVzaCIsImV4cCI6MTc0NzE2Mjg3NSwiaWF0IjoxNzQ3MDc2NDc1LCJqdGkiOiJlOWMyZTQxNDk2YWQ0YWYwOTkzZTYxNzA5OTNmY2NlZSIsInVzZXJfaWQiOjF9.ko-NGZ-mLXlM9hacakgu406U36o3jQRnKHdfJs4J5Hc",
    "created_at": "2025-05-12T19:01:15.863Z",
    "expires_at": "2025-05-13T19:01:15Z"
  }
},
{
  "model": "token_blacklist.outstandingtoken",
  "pk": 4,
  "fields": {
    "user": [
      "impanomanzienock@gmail.com"
    ],
    "jti": "1bb2af823725423cbeca62c0c0d39d7d",
    "token": "eyJhbGciOiJIUzI1NiIsInR5cCI6IkpXVCJ9.eyJ0b2tlbl90eXBlIjoicmVmcmVzaCIsImV4cCI6MTc0NzE2NzU3OSwiaWF0IjoxNzQ3MDgxMTc5LCJqdGkiOiIxYmIyYWY4MjM3MjU0MjNjYmVjYTYyYzBjMGQzOWQ3ZCIsInVzZXJfaWQiOjF9.W-jXZlEfUAQkOqryQTchnujksLejZTr6J7To7kMAvys",
    "created_at": "2025-05-12T20:19:39.750Z",
    "expires_at": "2025-05-13T20:19:39Z"
  }
},
{
  "model": "token_blacklist.outstandingtoken",
  "pk": 5,
  "fields": {
    "user": [
      "impanodeveloper@proton.me"
    ],
    "jti": "2f576e810c3e42d1a3c3d9dbbfdbaea1",
    "token": "eyJhbGciOiJIUzI1NiIsInR5cCI6IkpXVCJ9.eyJ0b2tlbl90eXBlIjoicmVmcmVzaCIsImV4cCI6MTc0NzE3MDQ5NSwiaWF0IjoxNzQ3MDg0MDk1LCJqdGkiOiIyZjU3NmU4MTBjM2U0MmQxYTNjM2Q5ZGJiZmRiYWVhMSIsInVzZXJfaWQiOjN9.FOk-JfqjPOeUj0HmmMdHs-cY6qqaukYcNMbI3eDflOo",
    "created_at": "2025-05-12T21:08:15.573Z",
    "expires_at": "2025-05-13T21:08:15Z"
  }
},
{
  "model": "token_blacklist.outstandingtoken",
  "pk": 6,
  "fields": {
    "user": [
      "impanodeveloper@proton.me"
    ],
    "jti": "254a67ed160446baa5ca8adb497d5e22",
    "token": "eyJhbGciOiJIUzI1NiIsInR5cCI6IkpXVCJ9.eyJ0b2tlbl90eXBlIjoicmVmcmVzaCIsImV4cCI6MTc0NzE3MDUwNSwiaWF0IjoxNzQ3MDg0MTA1LCJqdGkiOiIyNTRhNjdlZDE2MDQ0NmJhYTVjYThhZGI0OTdkNWUyMiIsInVzZXJfaWQiOjN9.ugPgeBgxyrxdXiZOkHeGhtcGRBiEwFGyBNXjq-ibz34",
    "created_at": "2025-05-12T21:08:25.918Z",
    "expires_at": "2025-05-13T21:08:25Z"
  }
},
{
  "model": "token_blacklist.outstandingtoken",
  "pk": 7,
  "fields": {
    "user": [
      "impanodeveloper1237@proton.me"
    ],
    "jti": "99b6d2e574dc4ed2817b17d31544c9be",
    "token": "eyJhbGciOiJIUzI1NiIsInR5cCI6IkpXVCJ9.eyJ0b2tlbl90eXBlIjoicmVmcmVzaCIsImV4cCI6MTc0NzE3MTEzOSwiaWF0IjoxNzQ3MDg0NzM5LCJqdGkiOiI5OWI2ZDJlNTc0ZGM0ZWQyODE3YjE3ZDMxNTQ0YzliZSIsInVzZXJfaWQiOjEwfQ.A1eiE3fLuTaAmW8lbUW2zGoY0xInjj24BPxdAJjUssM",
    "created_at": "2025-05-12T21:18:59.760Z",
    "expires_at": "2025-05-13T21:18:59Z"
  }
},
{
  "model": "token_blacklist.outstandingtoken",
  "pk": 8,
  "fields": {
    "user": [
      "impanomanzienock@gmail.com"
    ],
    "jti": "5181723a407d406c9abe7660a034902a",
    "token": "eyJhbGciOiJIUzI1NiIsInR5cCI6IkpXVCJ9.eyJ0b2tlbl90eXBlIjoicmVmcmVzaCIsImV4cCI6MTc0NzE3MTMyNywiaWF0IjoxNzQ3MDg0OTI3LCJqdGkiOiI1MTgxNzIzYTQwN2Q0MDZjOWFiZTc2NjBhMDM0OTAyYSIsInVzZXJfaWQiOjF9.aP4X2SdNOamLw7n1aG2anEIdTL3hAil7UsfZvqISpMI",
    "created_at": "2025-05-12T21:22:07.768Z",
    "expires_at": "2025-05-13T21:22:07Z"
  }
},
{
  "model": "token_blacklist.outstandingtoken",
  "pk": 9,
  "fields": {
    "user": [
      "impanomanzienock@gmail.com"
    ],
    "jti": "c758c32b0e3e49a6af1a9f6508ccc339",
    "token": "eyJhbGciOiJIUzI1NiIsInR5cCI6IkpXVCJ9.eyJ0b2tlbl90eXBlIjoicmVmcmVzaCIsImV4cCI6MTc0NzIxOTIzNSwiaWF0IjoxNzQ3MTMyODM1LCJqdGkiOiJjNzU4YzMyYjBlM2U0OWE2YWYxYTlmNjUwOGNjYzMzOSIsInVzZXJfaWQiOjF9.zlNdLh39Z7zcePbdtqrK6hyVUT04cP0U_I2dhLeGTNg",
    "created_at": "2025-05-13T10:40:35.329Z",
    "expires_at": "2025-05-14T10:40:35Z"
  }
},
{
  "model": "token_blacklist.outstandingtoken",
  "pk": 10,
  "fields": {
    "user": [
      "impanomanzienock@gmail.com"
    ],
    "jti": "0c4ea3d293764747915986ee86bdcb53",
    "token": "eyJhbGciOiJIUzI1NiIsInR5cCI6IkpXVCJ9.eyJ0b2tlbl90eXBlIjoicmVmcmVzaCIsImV4cCI6MTc0NzIxOTIzNSwiaWF0IjoxNzQ3MTMyODM1LCJqdGkiOiIwYzRlYTNkMjkzNzY0NzQ3OTE1OTg2ZWU4NmJkY2I1MyIsInVzZXJfaWQiOjF9.MZAIpIkcko_Sv6N073CSqL-UiFGUx5s7Q0_b3JAF0tU",
    "created_at": "2025-05-13T10:40:35.584Z",
    "expires_at": "2025-05-14T10:40:35Z"
  }
},
{
  "model": "token_blacklist.outstandingtoken",
  "pk": 11,
  "fields": {
    "user": [
      "impanomanzienock@gmail.com"
    ],
    "jti": "a629afe217cc4c699911fdf69c854dd4",
    "token": "eyJhbGciOiJIUzI1NiIsInR5cCI6IkpXVCJ9.eyJ0b2tlbl90eXBlIjoicmVmcmVzaCIsImV4cCI6MTc0NzIxOTI0NiwiaWF0IjoxNzQ3MTMyODQ2LCJqdGkiOiJhNjI5YWZlMjE3Y2M0YzY5OTkxMWZkZjY5Yzg1NGRkNCIsInVzZXJfaWQiOjF9.zJmY6zodmXzgbWx0mxTZikWEGxJfcstldVTFDY-4cBs",
    "created_at": "2025-05-13T10:40:46.376Z",
    "expires_at": "2025-05-14T10:40:46Z"
  }
},
{
  "model": "token_blacklist.outstandingtoken",
  "pk": 12,
  "fields": {
    "user": [
      "impanomanzienock@gmail.com"
    ],
    "jti": "cdc96706c3d2426aba09daa5d21eb0b6",
    "token": "eyJhbGciOiJIUzI1NiIsInR5cCI6IkpXVCJ9.eyJ0b2tlbl90eXBlIjoicmVmcmVzaCIsImV4cCI6MTc0NzIxOTM4MCwiaWF0IjoxNzQ3MTMyOTgwLCJqdGkiOiJjZGM5NjcwNmMzZDI0MjZhYmEwOWRhYTVkMjFlYjBiNiIsInVzZXJfaWQiOjF9.XLOjChtUujKXgYtHl1LUkfdMIhigzvrWuYzUGtHOeaU",
    "created_at": "2025-05-13T10:43:00.237Z",
    "expires_at": "2025-05-14T10:43:00Z"
  }
},
{
  "model": "token_blacklist.outstandingtoken",
  "pk": 13,
  "fields": {
    "user": [
      "impanomanzienock@gmail.com"
    ],
    "jti": "a74e030384354357ba935f4bb6c29c7c",
    "token": "eyJhbGciOiJIUzI1NiIsInR5cCI6IkpXVCJ9.eyJ0b2tlbl90eXBlIjoicmVmcmVzaCIsImV4cCI6MTc0NzIyMDM1NCwiaWF0IjoxNzQ3MTMzOTU0LCJqdGkiOiJhNzRlMDMwMzg0MzU0MzU3YmE5MzVmNGJiNmMyOWM3YyIsInVzZXJfaWQiOjF9.2vtWsHMvvNs1Pms_1YeiAHmnnlPoRWKEEJDLMgWWOnM",
    "created_at": "2025-05-13T10:59:14.787Z",
    "expires_at": "2025-05-14T10:59:14Z"
  }
},
{
  "model": "token_blacklist.outstandingtoken",
  "pk": 14,
  "fields": {
    "user": [
      "impanomanzienock@gmail.com"
    ],
    "jti": "6dbf465ca72f45dea9dc13a0f22be1e8",
    "token": "eyJhbGciOiJIUzI1NiIsInR5cCI6IkpXVCJ9.eyJ0b2tlbl90eXBlIjoicmVmcmVzaCIsImV4cCI6MTc0NzIyMDQxNiwiaWF0IjoxNzQ3MTM0MDE2LCJqdGkiOiI2ZGJmNDY1Y2E3MmY0NWRlYTlkYzEzYTBmMjJiZTFlOCIsInVzZXJfaWQiOjF9.wKOgLhpQ4yhMJmzWC_YJ47GNnG69-PySV56bOA8JDM4",
    "created_at": "2025-05-13T11:00:16.957Z",
    "expires_at": "2025-05-14T11:00:16Z"
  }
},
{
  "model": "token_blacklist.outstandingtoken",
  "pk": 15,
  "fields": {
    "user": [
      "impanomanzienock@gmail.com"
    ],
    "jti": "fce054360e5a41b8ba3c07d18fc48c29",
    "token": "eyJhbGciOiJIUzI1NiIsInR5cCI6IkpXVCJ9.eyJ0b2tlbl90eXBlIjoicmVmcmVzaCIsImV4cCI6MTc0NzIyMDQyMCwiaWF0IjoxNzQ3MTM0MDIwLCJqdGkiOiJmY2UwNTQzNjBlNWE0MWI4YmEzYzA3ZDE4ZmM0OGMyOSIsInVzZXJfaWQiOjF9.CXBYN9tDfRmQ1AtoT7f-Ay_VT_GFYDSntmToK6dPvcU",
    "created_at": "2025-05-13T11:00:20.615Z",
    "expires_at": "2025-05-14T11:00:20Z"
  }
},
{
  "model": "token_blacklist.outstandingtoken",
  "pk": 16,
  "fields": {
    "user": [
      "impanomanzienock@gmail.com"
    ],
    "jti": "9b2519f4b94849169720fd1f66bb3219",
    "token": "eyJhbGciOiJIUzI1NiIsInR5cCI6IkpXVCJ9.eyJ0b2tlbl90eXBlIjoicmVmcmVzaCIsImV4cCI6MTc0NzIyMDQ0MywiaWF0IjoxNzQ3MTM0MDQzLCJqdGkiOiI5YjI1MTlmNGI5NDg0OTE2OTcyMGZkMWY2NmJiMzIxOSIsInVzZXJfaWQiOjF9.OFbRSxOmO-cWxfC5lVg6ptsoavjYGbG1Uuzqu9TTIcQ",
    "created_at": "2025-05-13T11:00:43.736Z",
    "expires_at": "2025-05-14T11:00:43Z"
  }
},
{
  "model": "token_blacklist.outstandingtoken",
  "pk": 17,
  "fields": {
    "user": [
      "impanomanzienock@gmail.com"
    ],
    "jti": "0032570da7d74f0e8ffd1e89ea2e32c5",
    "token": "eyJhbGciOiJIUzI1NiIsInR5cCI6IkpXVCJ9.eyJ0b2tlbl90eXBlIjoicmVmcmVzaCIsImV4cCI6MTc0NzIyMDQ0OCwiaWF0IjoxNzQ3MTM0MDQ4LCJqdGkiOiIwMDMyNTcwZGE3ZDc0ZjBlOGZmZDFlODllYTJlMzJjNSIsInVzZXJfaWQiOjF9.g0FOYfJYtrYpeTd2E8Mi_2N6P3OSgQdF1cCgwkvb_nE",
    "created_at": "2025-05-13T11:00:48.847Z",
    "expires_at": "2025-05-14T11:00:48Z"
  }
},
{
  "model": "token_blacklist.outstandingtoken",
  "pk": 18,
  "fields": {
    "user": [
      "impanomanzienock@gmail.com"
    ],
    "jti": "0418dc8342024e3ebe5fc116fe890f9c",
    "token": "eyJhbGciOiJIUzI1NiIsInR5cCI6IkpXVCJ9.eyJ0b2tlbl90eXBlIjoicmVmcmVzaCIsImV4cCI6MTc0NzIyMDQ3MywiaWF0IjoxNzQ3MTM0MDczLCJqdGkiOiIwNDE4ZGM4MzQyMDI0ZTNlYmU1ZmMxMTZmZTg5MGY5YyIsInVzZXJfaWQiOjF9.TYC8DB_HJ5V3V1zBnGNrPFZN9sbC5aZ6XwNJ2q8avwE",
    "created_at": "2025-05-13T11:01:13.970Z",
    "expires_at": "2025-05-14T11:01:13Z"
  }
},
{
  "model": "token_blacklist.outstandingtoken",
  "pk": 19,
  "fields": {
    "user": [
      "impanomanzienock@gmail.com"
    ],
    "jti": "32920ed46eda4870befb34ff29896fe2",
    "token": "eyJhbGciOiJIUzI1NiIsInR5cCI6IkpXVCJ9.eyJ0b2tlbl90eXBlIjoicmVmcmVzaCIsImV4cCI6MTc0NzIyMDQ3NywiaWF0IjoxNzQ3MTM0MDc3LCJqdGkiOiIzMjkyMGVkNDZlZGE0ODcwYmVmYjM0ZmYyOTg5NmZlMiIsInVzZXJfaWQiOjF9.O76bDsL-GWxTjnEhDJ-sP_4q3jQsVrNYwjHhiCf_uSo",
    "created_at": "2025-05-13T11:01:17.937Z",
    "expires_at": "2025-05-14T11:01:17Z"
  }
},
{
  "model": "token_blacklist.outstandingtoken",
  "pk": 20,
  "fields": {
    "user": [
      "impanomanzienock@gmail.com"
    ],
    "jti": "87664bb0d79a4a0f9a07e8a43dc40de5",
    "token": "eyJhbGciOiJIUzI1NiIsInR5cCI6IkpXVCJ9.eyJ0b2tlbl90eXBlIjoicmVmcmVzaCIsImV4cCI6MTc0NzIyMDUxNSwiaWF0IjoxNzQ3MTM0MTE1LCJqdGkiOiI4NzY2NGJiMGQ3OWE0YTBmOWEwN2U4YTQzZGM0MGRlNSIsInVzZXJfaWQiOjF9.Co3XL7dK9985wuh4rLJHYGu4btDaG-anxHnrFx7SPhI",
    "created_at": "2025-05-13T11:01:55.363Z",
    "expires_at": "2025-05-14T11:01:55Z"
  }
},
{
  "model": "token_blacklist.outstandingtoken",
  "pk": 21,
  "fields": {
    "user": [
      "impanomanzienock@gmail.com"
    ],
    "jti": "cfe909b3fabf4326b9303abddb1922b7",
    "token": "eyJhbGciOiJIUzI1NiIsInR5cCI6IkpXVCJ9.eyJ0b2tlbl90eXBlIjoicmVmcmVzaCIsImV4cCI6MTc0NzIyMDUyMSwiaWF0IjoxNzQ3MTM0MTIxLCJqdGkiOiJjZmU5MDliM2ZhYmY0MzI2YjkzMDNhYmRkYjE5MjJiNyIsInVzZXJfaWQiOjF9.hkmS3W8rXRpWM-XMMesANHTEupi0YPcKOVmmhnqyZEM",
    "created_at": "2025-05-13T11:02:01.038Z",
    "expires_at": "2025-05-14T11:02:01Z"
  }
},
{
  "model": "token_blacklist.outstandingtoken",
  "pk": 22,
  "fields": {
    "user": [
      "impanomanzienock@gmail.com"
    ],
    "jti": "4f8cb355b200444d841c83bb59547ef3",
    "token": "eyJhbGciOiJIUzI1NiIsInR5cCI6IkpXVCJ9.eyJ0b2tlbl90eXBlIjoicmVmcmVzaCIsImV4cCI6MTc0NzIyMDUyNCwiaWF0IjoxNzQ3MTM0MTI0LCJqdGkiOiI0ZjhjYjM1NWIyMDA0NDRkODQxYzgzYmI1OTU0N2VmMyIsInVzZXJfaWQiOjF9.RM0fmnp7DqrgbXxxG12E-JBKygfY3a4Ghs3lB3jQfG4",
    "created_at": "2025-05-13T11:02:04.254Z",
    "expires_at": "2025-05-14T11:02:04Z"
  }
},
{
  "model": "token_blacklist.outstandingtoken",
  "pk": 23,
  "fields": {
    "user": [
      "impanomanzienock@gmail.com"
    ],
    "jti": "e69be2ddac894515bd94105d8f512d86",
    "token": "eyJhbGciOiJIUzI1NiIsInR5cCI6IkpXVCJ9.eyJ0b2tlbl90eXBlIjoicmVmcmVzaCIsImV4cCI6MTc0NzIyMDUyOCwiaWF0IjoxNzQ3MTM0MTI4LCJqdGkiOiJlNjliZTJkZGFjODk0NTE1YmQ5NDEwNWQ4ZjUxMmQ4NiIsInVzZXJfaWQiOjF9.7i48vPuin7eHx4PyfntRaHamRKKOJiLQ54eU2evVtgM",
    "created_at": "2025-05-13T11:02:08.195Z",
    "expires_at": "2025-05-14T11:02:08Z"
  }
},
{
  "model": "token_blacklist.outstandingtoken",
  "pk": 24,
  "fields": {
    "user": [
      "impanomanzienock@gmail.com"
    ],
    "jti": "6a530db956004fa691598c3a9aabcd09",
    "token": "eyJhbGciOiJIUzI1NiIsInR5cCI6IkpXVCJ9.eyJ0b2tlbl90eXBlIjoicmVmcmVzaCIsImV4cCI6MTc0NzIyMDc0NSwiaWF0IjoxNzQ3MTM0MzQ1LCJqdGkiOiI2YTUzMGRiOTU2MDA0ZmE2OTE1OThjM2E5YWFiY2QwOSIsInVzZXJfaWQiOjF9.HV59w-gEx1-aBmQl0CsyvnxL684esQqsFtNs7rtH2Zo",
    "created_at": "2025-05-13T11:05:45.947Z",
    "expires_at": "2025-05-14T11:05:45Z"
  }
},
{
  "model": "token_blacklist.outstandingtoken",
  "pk": 25,
  "fields": {
    "user": [
      "impanomanzienock@gmail.com"
    ],
    "jti": "f64e4023e31c4bdcb9d9ff699d73f9a2",
    "token": "eyJhbGciOiJIUzI1NiIsInR5cCI6IkpXVCJ9.eyJ0b2tlbl90eXBlIjoicmVmcmVzaCIsImV4cCI6MTc0NzIyMDc1NCwiaWF0IjoxNzQ3MTM0MzU0LCJqdGkiOiJmNjRlNDAyM2UzMWM0YmRjYjlkOWZmNjk5ZDczZjlhMiIsInVzZXJfaWQiOjF9.ta3_7UqExYZapQx2k-EUo5IxjSs7V_GheFfwbeyw8bc",
    "created_at": "2025-05-13T11:05:54.482Z",
    "expires_at": "2025-05-14T11:05:54Z"
  }
},
{
  "model": "token_blacklist.outstandingtoken",
  "pk": 26,
  "fields": {
    "user": [
      "impanomanzienock@gmail.com"
    ],
    "jti": "a73cd505a725414e9f0b3b22366de429",
    "token": "eyJhbGciOiJIUzI1NiIsInR5cCI6IkpXVCJ9.eyJ0b2tlbl90eXBlIjoicmVmcmVzaCIsImV4cCI6MTc0NzIyMDc1NywiaWF0IjoxNzQ3MTM0MzU3LCJqdGkiOiJhNzNjZDUwNWE3MjU0MTRlOWYwYjNiMjIzNjZkZTQyOSIsInVzZXJfaWQiOjF9.r-JBLKzqQNXRs-wKHGiFIbexYFAa6RjGP8htOJCKRR8",
    "created_at": "2025-05-13T11:05:57.815Z",
    "expires_at": "2025-05-14T11:05:57Z"
  }
},
{
  "model": "token_blacklist.outstandingtoken",
  "pk": 27,
  "fields": {
    "user": [
      "impanomanzienock@gmail.com"
    ],
    "jti": "3702e0f02471477192da9223970b98e4",
    "token": "eyJhbGciOiJIUzI1NiIsInR5cCI6IkpXVCJ9.eyJ0b2tlbl90eXBlIjoicmVmcmVzaCIsImV4cCI6MTc0NzIyMDg5NiwiaWF0IjoxNzQ3MTM0NDk2LCJqdGkiOiIzNzAyZTBmMDI0NzE0NzcxOTJkYTkyMjM5NzBiOThlNCIsInVzZXJfaWQiOjF9.U80ypT7bPraT2C20ykV_ST8OajKuWpQc1bXQB1-uWA8",
    "created_at": "2025-05-13T11:08:16.618Z",
    "expires_at": "2025-05-14T11:08:16Z"
  }
},
{
  "model": "token_blacklist.outstandingtoken",
  "pk": 28,
  "fields": {
    "user": [
      "impanomanzienock@gmail.com"
    ],
    "jti": "7e898035365e48c5b11a1a2052483938",
    "token": "eyJhbGciOiJIUzI1NiIsInR5cCI6IkpXVCJ9.eyJ0b2tlbl90eXBlIjoicmVmcmVzaCIsImV4cCI6MTc0NzIyMDkwMCwiaWF0IjoxNzQ3MTM0NTAwLCJqdGkiOiI3ZTg5ODAzNTM2NWU0OGM1YjExYTFhMjA1MjQ4MzkzOCIsInVzZXJfaWQiOjF9.AUk35JE-HHcEOQXm6oPy0Pwsq-7Cyp1VF9gXkfKgnbA",
    "created_at": "2025-05-13T11:08:20.699Z",
    "expires_at": "2025-05-14T11:08:20Z"
  }
},
{
  "model": "token_blacklist.outstandingtoken",
  "pk": 29,
  "fields": {
    "user": [
      "impanomanzienock@gmail.com"
    ],
    "jti": "3234fb2b2c454de3829869f697600e37",
    "token": "eyJhbGciOiJIUzI1NiIsInR5cCI6IkpXVCJ9.eyJ0b2tlbl90eXBlIjoicmVmcmVzaCIsImV4cCI6MTc0NzIyMDkwNSwiaWF0IjoxNzQ3MTM0NTA1LCJqdGkiOiIzMjM0ZmIyYjJjNDU0ZGUzODI5ODY5ZjY5NzYwMGUzNyIsInVzZXJfaWQiOjF9.MTPn49s64JmmH3DOH6GcdW0923vAm1KeZS55u81HpFs",
    "created_at": "2025-05-13T11:08:25.763Z",
    "expires_at": "2025-05-14T11:08:25Z"
  }
},
{
  "model": "token_blacklist.outstandingtoken",
  "pk": 30,
  "fields": {
    "user": [
      "impanomanzienock@gmail.com"
    ],
    "jti": "908ca5d6231a42b297afdac88db77cb0",
    "token": "eyJhbGciOiJIUzI1NiIsInR5cCI6IkpXVCJ9.eyJ0b2tlbl90eXBlIjoicmVmcmVzaCIsImV4cCI6MTc0NzIyMDkxMiwiaWF0IjoxNzQ3MTM0NTEyLCJqdGkiOiI5MDhjYTVkNjIzMWE0MmIyOTdhZmRhYzg4ZGI3N2NiMCIsInVzZXJfaWQiOjF9.zultGVS9KMj5tTKVhy94SzmoNAwHMBeNtals7lTC4L4",
    "created_at": "2025-05-13T11:08:32.428Z",
    "expires_at": "2025-05-14T11:08:32Z"
  }
},
{
  "model": "token_blacklist.outstandingtoken",
  "pk": 31,
  "fields": {
    "user": [
      "impanomanzienock@gmail.com"
    ],
    "jti": "9cb55245304342529be6cccb879043c0",
    "token": "eyJhbGciOiJIUzI1NiIsInR5cCI6IkpXVCJ9.eyJ0b2tlbl90eXBlIjoicmVmcmVzaCIsImV4cCI6MTc0NzIyMDkxNiwiaWF0IjoxNzQ3MTM0NTE2LCJqdGkiOiI5Y2I1NTI0NTMwNDM0MjUyOWJlNmNjY2I4NzkwNDNjMCIsInVzZXJfaWQiOjF9.mmUSop_QIffu8Yeap4WY2aRqkNRbMvPTh-qVddSf01A",
    "created_at": "2025-05-13T11:08:36.876Z",
    "expires_at": "2025-05-14T11:08:36Z"
  }
},
{
  "model": "token_blacklist.outstandingtoken",
  "pk": 32,
  "fields": {
    "user": [
      "impanomanzienock@gmail.com"
    ],
    "jti": "25a40ae381434ccbbd003caaeae0d081",
    "token": "eyJhbGciOiJIUzI1NiIsInR5cCI6IkpXVCJ9.eyJ0b2tlbl90eXBlIjoicmVmcmVzaCIsImV4cCI6MTc0NzIyMDkzMCwiaWF0IjoxNzQ3MTM0NTMwLCJqdGkiOiIyNWE0MGFlMzgxNDM0Y2NiYmQwMDNjYWFlYWUwZDA4MSIsInVzZXJfaWQiOjF9.L0WUGIZObw0Nq2LSniZ50DNNgItZ6MbF3lVRGnG-TVc",
    "created_at": "2025-05-13T11:08:50.482Z",
    "expires_at": "2025-05-14T11:08:50Z"
  }
},
{
  "model": "token_blacklist.outstandingtoken",
  "pk": 33,
  "fields": {
    "user": [
      "impanomanzienock@gmail.com"
    ],
    "jti": "542156e7afd8431bb9c465c14cd5d742",
    "token": "eyJhbGciOiJIUzI1NiIsInR5cCI6IkpXVCJ9.eyJ0b2tlbl90eXBlIjoicmVmcmVzaCIsImV4cCI6MTc0NzIyMDk0NywiaWF0IjoxNzQ3MTM0NTQ3LCJqdGkiOiI1NDIxNTZlN2FmZDg0MzFiYjljNDY1YzE0Y2Q1ZDc0MiIsInVzZXJfaWQiOjF9.d70hH61rV34PRvnwbdLhnxl4tsyns92ce3zvSAiGGxM",
    "created_at": "2025-05-13T11:09:07.387Z",
    "expires_at": "2025-05-14T11:09:07Z"
  }
},
{
  "model": "token_blacklist.outstandingtoken",
  "pk": 34,
  "fields": {
    "user": [
      "impanomanzienock@gmail.com"
    ],
    "jti": "ebaa76235afd45a591ff5b06dbaddb83",
    "token": "eyJhbGciOiJIUzI1NiIsInR5cCI6IkpXVCJ9.eyJ0b2tlbl90eXBlIjoicmVmcmVzaCIsImV4cCI6MTc0NzIyMDk3MCwiaWF0IjoxNzQ3MTM0NTcwLCJqdGkiOiJlYmFhNzYyMzVhZmQ0NWE1OTFmZjViMDZkYmFkZGI4MyIsInVzZXJfaWQiOjF9.s5_yfWwMUo19PxEmYMC53wMOok6SnJzNeJDoNz3ShfY",
    "created_at": "2025-05-13T11:09:30.634Z",
    "expires_at": "2025-05-14T11:09:30Z"
  }
},
{
  "model": "token_blacklist.outstandingtoken",
  "pk": 35,
  "fields": {
    "user": [
      "impanomanzienock@gmail.com"
    ],
    "jti": "8a1d81c11ef14696bb4b0daee7b042f7",
    "token": "eyJhbGciOiJIUzI1NiIsInR5cCI6IkpXVCJ9.eyJ0b2tlbl90eXBlIjoicmVmcmVzaCIsImV4cCI6MTc0NzIyMTAzMCwiaWF0IjoxNzQ3MTM0NjMwLCJqdGkiOiI4YTFkODFjMTFlZjE0Njk2YmI0YjBkYWVlN2IwNDJmNyIsInVzZXJfaWQiOjF9.FO9QLxPlN79_rlSOWPzUrOMZqpRi0ceA-6HZvg5j6hA",
    "created_at": "2025-05-13T11:10:30.720Z",
    "expires_at": "2025-05-14T11:10:30Z"
  }
},
{
  "model": "token_blacklist.outstandingtoken",
  "pk": 36,
  "fields": {
    "user": [
      "impanomanzienock@gmail.com"
    ],
    "jti": "b400238dc2bb4eb0b7422b79e0a88a90",
    "token": "eyJhbGciOiJIUzI1NiIsInR5cCI6IkpXVCJ9.eyJ0b2tlbl90eXBlIjoicmVmcmVzaCIsImV4cCI6MTc0NzIyMTAzNSwiaWF0IjoxNzQ3MTM0NjM1LCJqdGkiOiJiNDAwMjM4ZGMyYmI0ZWIwYjc0MjJiNzllMGE4OGE5MCIsInVzZXJfaWQiOjF9.85ILEdZw-2pKyIBcx5j9uJV24eLK2d6UUy68boveRts",
    "created_at": "2025-05-13T11:10:35.634Z",
    "expires_at": "2025-05-14T11:10:35Z"
  }
},
{
  "model": "token_blacklist.outstandingtoken",
  "pk": 37,
  "fields": {
    "user": [
      "impanomanzienock@gmail.com"
    ],
    "jti": "5c43b66555a940f0aacc507d6275e165",
    "token": "eyJhbGciOiJIUzI1NiIsInR5cCI6IkpXVCJ9.eyJ0b2tlbl90eXBlIjoicmVmcmVzaCIsImV4cCI6MTc0NzIyMTAzOCwiaWF0IjoxNzQ3MTM0NjM4LCJqdGkiOiI1YzQzYjY2NTU1YTk0MGYwYWFjYzUwN2Q2Mjc1ZTE2NSIsInVzZXJfaWQiOjF9.hrd3MY3qEEa9reWP9fbtly3gxEyDe71zxv1CgdHrdB0",
    "created_at": "2025-05-13T11:10:38.842Z",
    "expires_at": "2025-05-14T11:10:38Z"
  }
},
{
  "model": "token_blacklist.outstandingtoken",
  "pk": 38,
  "fields": {
    "user": [
      "impanomanzienock@gmail.com"
    ],
    "jti": "60da4b3e7bfb42578e8b66748b6e7287",
    "token": "eyJhbGciOiJIUzI1NiIsInR5cCI6IkpXVCJ9.eyJ0b2tlbl90eXBlIjoicmVmcmVzaCIsImV4cCI6MTc0NzIyMTA1NSwiaWF0IjoxNzQ3MTM0NjU1LCJqdGkiOiI2MGRhNGIzZTdiZmI0MjU3OGU4YjY2NzQ4YjZlNzI4NyIsInVzZXJfaWQiOjF9.gBV9uz5j90b26h47W_86eXzglg-knEY_GFAS_BuovvY",
    "created_at": "2025-05-13T11:10:55.652Z",
    "expires_at": "2025-05-14T11:10:55Z"
  }
},
{
  "model": "token_blacklist.outstandingtoken",
  "pk": 39,
  "fields": {
    "user": [
      "impanomanzienock@gmail.com"
    ],
    "jti": "117df8288c174d1191133b77832f74be",
    "token": "eyJhbGciOiJIUzI1NiIsInR5cCI6IkpXVCJ9.eyJ0b2tlbl90eXBlIjoicmVmcmVzaCIsImV4cCI6MTc0NzIyMTA2NiwiaWF0IjoxNzQ3MTM0NjY2LCJqdGkiOiIxMTdkZjgyODhjMTc0ZDExOTExMzNiNzc4MzJmNzRiZSIsInVzZXJfaWQiOjF9.oTKQjLdR5iZV7ibrF2JADSOy-rpN53icYV4HGGm9lNc",
    "created_at": "2025-05-13T11:11:06.965Z",
    "expires_at": "2025-05-14T11:11:06Z"
  }
},
{
  "model": "token_blacklist.outstandingtoken",
  "pk": 40,
  "fields": {
    "user": [
      "impanomanzienock@gmail.com"
    ],
    "jti": "45e983316cbc4a3ca0d979dc6eeb8e61",
    "token": "eyJhbGciOiJIUzI1NiIsInR5cCI6IkpXVCJ9.eyJ0b2tlbl90eXBlIjoicmVmcmVzaCIsImV4cCI6MTc0NzIyMjkzNCwiaWF0IjoxNzQ3MTM2NTM0LCJqdGkiOiI0NWU5ODMzMTZjYmM0YTNjYTBkOTc5ZGM2ZWViOGU2MSIsInVzZXJfaWQiOjF9.I3Om1PNNVjm0uiUaX42AMIulgiIYuq1KJTCgxrL8bOY",
    "created_at": "2025-05-13T11:42:14.884Z",
    "expires_at": "2025-05-14T11:42:14Z"
  }
},
{
  "model": "token_blacklist.outstandingtoken",
  "pk": 41,
  "fields": {
    "user": [
      "impanomanzienock@gmail.com"
    ],
    "jti": "59292329eed244edb7c467127c55f7d8",
    "token": "eyJhbGciOiJIUzI1NiIsInR5cCI6IkpXVCJ9.eyJ0b2tlbl90eXBlIjoicmVmcmVzaCIsImV4cCI6MTc0NzIyMzY2MCwiaWF0IjoxNzQ3MTM3MjYwLCJqdGkiOiI1OTI5MjMyOWVlZDI0NGVkYjdjNDY3MTI3YzU1ZjdkOCIsInVzZXJfaWQiOjF9.0p8IOT71ALgkmVXW4aaXc230NHMpNAMMode7lX3itD4",
    "created_at": "2025-05-13T11:54:20.764Z",
    "expires_at": "2025-05-14T11:54:20Z"
  }
},
{
  "model": "token_blacklist.outstandingtoken",
  "pk": 42,
  "fields": {
    "user": [
      "impanomanzienock@gmail.com"
    ],
    "jti": "1712fb9952ef44a3a8d0bdece1caf812",
    "token": "eyJhbGciOiJIUzI1NiIsInR5cCI6IkpXVCJ9.eyJ0b2tlbl90eXBlIjoicmVmcmVzaCIsImV4cCI6MTc0NzIyMzY2OCwiaWF0IjoxNzQ3MTM3MjY4LCJqdGkiOiIxNzEyZmI5OTUyZWY0NGEzYThkMGJkZWNlMWNhZjgxMiIsInVzZXJfaWQiOjF9.1qDh-xOnK1skA3JL4xoUvVwHxfOmwW4x2Lm1M9ungu8",
    "created_at": "2025-05-13T11:54:28.774Z",
    "expires_at": "2025-05-14T11:54:28Z"
  }
},
{
  "model": "token_blacklist.outstandingtoken",
  "pk": 43,
  "fields": {
    "user": [
      "impanomanzienock@gmail.com"
    ],
    "jti": "87239524e80349719164030ac46a7952",
    "token": "eyJhbGciOiJIUzI1NiIsInR5cCI6IkpXVCJ9.eyJ0b2tlbl90eXBlIjoicmVmcmVzaCIsImV4cCI6MTc0NzIyMzY3NiwiaWF0IjoxNzQ3MTM3Mjc2LCJqdGkiOiI4NzIzOTUyNGU4MDM0OTcxOTE2NDAzMGFjNDZhNzk1MiIsInVzZXJfaWQiOjF9.m3Yk_cCs5_RvroQ9EvEnCU_LbCAZeam60gtabngdCeI",
    "created_at": "2025-05-13T11:54:36.734Z",
    "expires_at": "2025-05-14T11:54:36Z"
  }
},
{
  "model": "token_blacklist.outstandingtoken",
  "pk": 44,
  "fields": {
    "user": [
      "impanomanzienock@gmail.com"
    ],
    "jti": "1f64b8f5e2ea4e37ab4a124d51b6d457",
    "token": "eyJhbGciOiJIUzI1NiIsInR5cCI6IkpXVCJ9.eyJ0b2tlbl90eXBlIjoicmVmcmVzaCIsImV4cCI6MTc0NzIyMzY4NCwiaWF0IjoxNzQ3MTM3Mjg0LCJqdGkiOiIxZjY0YjhmNWUyZWE0ZTM3YWI0YTEyNGQ1MWI2ZDQ1NyIsInVzZXJfaWQiOjF9.ABN28qaysTkPOIW382IsnOjj7zp1RK_yreBAn9uRTBM",
    "created_at": "2025-05-13T11:54:44.043Z",
    "expires_at": "2025-05-14T11:54:44Z"
  }
},
{
  "model": "token_blacklist.outstandingtoken",
  "pk": 45,
  "fields": {
    "user": [
      "impanomanzienock@gmail.com"
    ],
    "jti": "25e9c398c7ec49cebc12b6c1520e60ff",
    "token": "eyJhbGciOiJIUzI1NiIsInR5cCI6IkpXVCJ9.eyJ0b2tlbl90eXBlIjoicmVmcmVzaCIsImV4cCI6MTc0NzIyMzY4OSwiaWF0IjoxNzQ3MTM3Mjg5LCJqdGkiOiIyNWU5YzM5OGM3ZWM0OWNlYmMxMmI2YzE1MjBlNjBmZiIsInVzZXJfaWQiOjF9.Uv8U6HX9gvcuO3FOYPCWFDzovUidPjW5BIR4Sg4bXV4",
    "created_at": "2025-05-13T11:54:49.298Z",
    "expires_at": "2025-05-14T11:54:49Z"
  }
},
{
  "model": "token_blacklist.outstandingtoken",
  "pk": 46,
  "fields": {
    "user": [
      "impanomanzienock@gmail.com"
    ],
    "jti": "ecab92ab020241789fd24645d065b4db",
    "token": "eyJhbGciOiJIUzI1NiIsInR5cCI6IkpXVCJ9.eyJ0b2tlbl90eXBlIjoicmVmcmVzaCIsImV4cCI6MTc0NzIyMzY5NCwiaWF0IjoxNzQ3MTM3Mjk0LCJqdGkiOiJlY2FiOTJhYjAyMDI0MTc4OWZkMjQ2NDVkMDY1YjRkYiIsInVzZXJfaWQiOjF9.1R_-MezN2jE62CJ3IrlkeezLYv8iPdlVqtS_tPTN0G0",
    "created_at": "2025-05-13T11:54:54.258Z",
    "expires_at": "2025-05-14T11:54:54Z"
  }
},
{
  "model": "token_blacklist.outstandingtoken",
  "pk": 47,
  "fields": {
    "user": [
      "impanomanzienock@gmail.com"
    ],
    "jti": "9581a217e65d4c778a1c2fd9c3e48a80",
    "token": "eyJhbGciOiJIUzI1NiIsInR5cCI6IkpXVCJ9.eyJ0b2tlbl90eXBlIjoicmVmcmVzaCIsImV4cCI6MTc0NzIyMzcwMCwiaWF0IjoxNzQ3MTM3MzAwLCJqdGkiOiI5NTgxYTIxN2U2NWQ0Yzc3OGExYzJmZDljM2U0OGE4MCIsInVzZXJfaWQiOjF9.yY-CzgYcF0YN7kYUC_CM5hr0duKYc52m5XfHBVKAs-k",
    "created_at": "2025-05-13T11:55:00.483Z",
    "expires_at": "2025-05-14T11:55:00Z"
  }
},
{
  "model": "token_blacklist.outstandingtoken",
  "pk": 48,
  "fields": {
    "user": [
      "impanomanzienock@gmail.com"
    ],
    "jti": "b862fd99acc34eaba48930d0b1aa2be4",
    "token": "eyJhbGciOiJIUzI1NiIsInR5cCI6IkpXVCJ9.eyJ0b2tlbl90eXBlIjoicmVmcmVzaCIsImV4cCI6MTc0NzIyMzcwOCwiaWF0IjoxNzQ3MTM3MzA4LCJqdGkiOiJiODYyZmQ5OWFjYzM0ZWFiYTQ4OTMwZDBiMWFhMmJlNCIsInVzZXJfaWQiOjF9.x5yiFw5cUPXPaBYlgnvUkui5Hm-MH5LiLWWYt4X_P8c",
    "created_at": "2025-05-13T11:55:08.626Z",
    "expires_at": "2025-05-14T11:55:08Z"
  }
},
{
  "model": "token_blacklist.outstandingtoken",
  "pk": 49,
  "fields": {
    "user": [
      "impanomanzienock@gmail.com"
    ],
    "jti": "9aaa503b52e248a9a4797e8a6351ee9b",
    "token": "eyJhbGciOiJIUzI1NiIsInR5cCI6IkpXVCJ9.eyJ0b2tlbl90eXBlIjoicmVmcmVzaCIsImV4cCI6MTc0NzIyMzcxMywiaWF0IjoxNzQ3MTM3MzEzLCJqdGkiOiI5YWFhNTAzYjUyZTI0OGE5YTQ3OTdlOGE2MzUxZWU5YiIsInVzZXJfaWQiOjF9.JNMUNl6hsZ-2e-ngljcsO2Fg4gWmFJNsagCw-A1ESn4",
    "created_at": "2025-05-13T11:55:13.498Z",
    "expires_at": "2025-05-14T11:55:13Z"
  }
},
{
  "model": "token_blacklist.outstandingtoken",
  "pk": 50,
  "fields": {
    "user": [
      "impanomanzienock@gmail.com"
    ],
    "jti": "181b5ab8051844b6aad9a35cae363147",
    "token": "eyJhbGciOiJIUzI1NiIsInR5cCI6IkpXVCJ9.eyJ0b2tlbl90eXBlIjoicmVmcmVzaCIsImV4cCI6MTc0NzIyMzc1MSwiaWF0IjoxNzQ3MTM3MzUxLCJqdGkiOiIxODFiNWFiODA1MTg0NGI2YWFkOWEzNWNhZTM2MzE0NyIsInVzZXJfaWQiOjF9.KxBAM_ahlpHxILz85w9_3K35Wg4ahAjC_Wf4AzapY_0",
    "created_at": "2025-05-13T11:55:51.381Z",
    "expires_at": "2025-05-14T11:55:51Z"
  }
},
{
  "model": "token_blacklist.outstandingtoken",
  "pk": 51,
  "fields": {
    "user": [
      "impanomanzienock@gmail.com"
    ],
    "jti": "3a0b1a5b44514425b9932bd19cfa38f9",
    "token": "eyJhbGciOiJIUzI1NiIsInR5cCI6IkpXVCJ9.eyJ0b2tlbl90eXBlIjoicmVmcmVzaCIsImV4cCI6MTc0NzIyMzc1NSwiaWF0IjoxNzQ3MTM3MzU1LCJqdGkiOiIzYTBiMWE1YjQ0NTE0NDI1Yjk5MzJiZDE5Y2ZhMzhmOSIsInVzZXJfaWQiOjF9.GFmb7WJaL_Xd7q234OjrUrpUWkSff3lWzDXFSnbk_Ow",
    "created_at": "2025-05-13T11:55:55.795Z",
    "expires_at": "2025-05-14T11:55:55Z"
  }
},
{
  "model": "token_blacklist.outstandingtoken",
  "pk": 52,
  "fields": {
    "user": [
      "impanomanzienock@gmail.com"
    ],
    "jti": "452f859247da4186aae4f348bb200f3c",
    "token": "eyJhbGciOiJIUzI1NiIsInR5cCI6IkpXVCJ9.eyJ0b2tlbl90eXBlIjoicmVmcmVzaCIsImV4cCI6MTc0NzIyNTg2NiwiaWF0IjoxNzQ3MTM5NDY2LCJqdGkiOiI0NTJmODU5MjQ3ZGE0MTg2YWFlNGYzNDhiYjIwMGYzYyIsInVzZXJfaWQiOjF9.QMST0tH25Tfdo3TUPjJmMC2OAyyoPhAD2qFzsPLq6Ns",
    "created_at": "2025-05-13T12:31:06.373Z",
    "expires_at": "2025-05-14T12:31:06Z"
  }
},
{
  "model": "token_blacklist.outstandingtoken",
  "pk": 53,
  "fields": {
    "user": [
      "impanomanzienock@gmail.com"
    ],
    "jti": "a42367f4d61e4e089d8cb7b5bae23e83",
    "token": "eyJhbGciOiJIUzI1NiIsInR5cCI6IkpXVCJ9.eyJ0b2tlbl90eXBlIjoicmVmcmVzaCIsImV4cCI6MTc0NzIyNjE1NiwiaWF0IjoxNzQ3MTM5NzU2LCJqdGkiOiJhNDIzNjdmNGQ2MWU0ZTA4OWQ4Y2I3YjViYWUyM2U4MyIsInVzZXJfaWQiOjF9.fYXWsMn_6eQ2six3ewK_IzSU5o3iKr2Zz8j-Gye8TGA",
    "created_at": "2025-05-13T12:35:56.705Z",
    "expires_at": "2025-05-14T12:35:56Z"
  }
},
{
  "model": "token_blacklist.outstandingtoken",
  "pk": 54,
  "fields": {
    "user": [
      "impanomanzienock@gmail.com"
    ],
    "jti": "ed5f4a47f29c474a935f51a204ed9365",
    "token": "eyJhbGciOiJIUzI1NiIsInR5cCI6IkpXVCJ9.eyJ0b2tlbl90eXBlIjoicmVmcmVzaCIsImV4cCI6MTc0NzIyNjE3MiwiaWF0IjoxNzQ3MTM5NzcyLCJqdGkiOiJlZDVmNGE0N2YyOWM0NzRhOTM1ZjUxYTIwNGVkOTM2NSIsInVzZXJfaWQiOjF9.PF6poysgKoktU9SgFANMeRDNjyII74P6upsz4YCTxjc",
    "created_at": "2025-05-13T12:36:12.609Z",
    "expires_at": "2025-05-14T12:36:12Z"
  }
},
{
  "model": "token_blacklist.outstandingtoken",
  "pk": 55,
  "fields": {
    "user": [
      "impanomanzienock@gmail.com"
    ],
    "jti": "2e611ecf32574eb29dd2ee83104a408c",
    "token": "eyJhbGciOiJIUzI1NiIsInR5cCI6IkpXVCJ9.eyJ0b2tlbl90eXBlIjoicmVmcmVzaCIsImV4cCI6MTc0NzIyNjE4MSwiaWF0IjoxNzQ3MTM5NzgxLCJqdGkiOiIyZTYxMWVjZjMyNTc0ZWIyOWRkMmVlODMxMDRhNDA4YyIsInVzZXJfaWQiOjF9.t6xaiu2BiGeQRHyR5rPbfo0RtwhZYP38hrnQdb3hyoU",
    "created_at": "2025-05-13T12:36:21.292Z",
    "expires_at": "2025-05-14T12:36:21Z"
  }
},
{
  "model": "token_blacklist.outstandingtoken",
  "pk": 56,
  "fields": {
    "user": [
      "impanomanzienock@gmail.com"
    ],
    "jti": "1a467764fced4ee0838a46938971777e",
    "token": "eyJhbGciOiJIUzI1NiIsInR5cCI6IkpXVCJ9.eyJ0b2tlbl90eXBlIjoicmVmcmVzaCIsImV4cCI6MTc0NzIyNjE5NSwiaWF0IjoxNzQ3MTM5Nzk1LCJqdGkiOiIxYTQ2Nzc2NGZjZWQ0ZWUwODM4YTQ2OTM4OTcxNzc3ZSIsInVzZXJfaWQiOjF9.bmmICMWDubvAae58E0fHdd1du0SCOGLZWeXKhHQDqzI",
    "created_at": "2025-05-13T12:36:35.293Z",
    "expires_at": "2025-05-14T12:36:35Z"
  }
},
{
  "model": "token_blacklist.outstandingtoken",
  "pk": 57,
  "fields": {
    "user": [
      "impanomanzienock@gmail.com"
    ],
    "jti": "417703faac6644628e542647bf49b9f8",
    "token": "eyJhbGciOiJIUzI1NiIsInR5cCI6IkpXVCJ9.eyJ0b2tlbl90eXBlIjoicmVmcmVzaCIsImV4cCI6MTc0NzIyOTczNSwiaWF0IjoxNzQ3MTQzMzM1LCJqdGkiOiI0MTc3MDNmYWFjNjY0NDYyOGU1NDI2NDdiZjQ5YjlmOCIsInVzZXJfaWQiOjF9.GkAy8XvAcTvGbvzqPK1LsRFzNiV8zasYABaOvd0MJfY",
    "created_at": "2025-05-13T13:35:35.885Z",
    "expires_at": "2025-05-14T13:35:35Z"
  }
},
{
  "model": "token_blacklist.outstandingtoken",
  "pk": 58,
  "fields": {
    "user": [
      "impanomanzienock@gmail.com"
    ],
    "jti": "8a6aceffa84642398645324e0d875f83",
    "token": "eyJhbGciOiJIUzI1NiIsInR5cCI6IkpXVCJ9.eyJ0b2tlbl90eXBlIjoicmVmcmVzaCIsImV4cCI6MTc0NzIzMjcxMSwiaWF0IjoxNzQ3MTQ2MzExLCJqdGkiOiI4YTZhY2VmZmE4NDY0MjM5ODY0NTMyNGUwZDg3NWY4MyIsInVzZXJfaWQiOjF9.RO7bXXJhBJy0UUhnfCxh_dDEJ4V2Xz-685CesDElNr0",
    "created_at": "2025-05-13T14:25:11.912Z",
    "expires_at": "2025-05-14T14:25:11Z"
  }
},
{
  "model": "token_blacklist.outstandingtoken",
  "pk": 59,
  "fields": {
    "user": [
      "impanomanzienock@gmail.com"
    ],
    "jti": "d0658e213c7e4292be30ae675b6dd587",
    "token": "eyJhbGciOiJIUzI1NiIsInR5cCI6IkpXVCJ9.eyJ0b2tlbl90eXBlIjoicmVmcmVzaCIsImV4cCI6MTc0NzIzNDA5MywiaWF0IjoxNzQ3MTQ3NjkzLCJqdGkiOiJkMDY1OGUyMTNjN2U0MjkyYmUzMGFlNjc1YjZkZDU4NyIsInVzZXJfaWQiOjF9.0qyKPMsdsQ9p-uj6MU9SJ6YpGr2TeMpYCHrh6ym600g",
    "created_at": "2025-05-13T14:48:13.004Z",
    "expires_at": "2025-05-14T14:48:13Z"
  }
},
{
  "model": "token_blacklist.outstandingtoken",
  "pk": 60,
  "fields": {
    "user": [
      "impanomanzienock@gmail.com"
    ],
    "jti": "715d69933e654e7bb5dbb23cabb18fed",
    "token": "eyJhbGciOiJIUzI1NiIsInR5cCI6IkpXVCJ9.eyJ0b2tlbl90eXBlIjoicmVmcmVzaCIsImV4cCI6MTc0NzIzNDExNCwiaWF0IjoxNzQ3MTQ3NzE0LCJqdGkiOiI3MTVkNjk5MzNlNjU0ZTdiYjVkYmIyM2NhYmIxOGZlZCIsInVzZXJfaWQiOjF9.358-yyAA35VvDPMxKECjSs__JN4g6UsY_dmumRMvYjU",
    "created_at": "2025-05-13T14:48:34.616Z",
    "expires_at": "2025-05-14T14:48:34Z"
  }
},
{
  "model": "token_blacklist.outstandingtoken",
  "pk": 61,
  "fields": {
    "user": [
      "impanomanzienock@gmail.com"
    ],
    "jti": "042be460ea0d4b358ead75f04903a59b",
    "token": "eyJhbGciOiJIUzI1NiIsInR5cCI6IkpXVCJ9.eyJ0b2tlbl90eXBlIjoicmVmcmVzaCIsImV4cCI6MTc0NzIzNjQ4MSwiaWF0IjoxNzQ3MTUwMDgxLCJqdGkiOiIwNDJiZTQ2MGVhMGQ0YjM1OGVhZDc1ZjA0OTAzYTU5YiIsInVzZXJfaWQiOjF9.lz15zhhUN2ih3fsEJAVJLaI5v9uoCPvHNSQcw89hYZs",
    "created_at": "2025-05-13T15:28:01.598Z",
    "expires_at": "2025-05-14T15:28:01Z"
  }
},
{
  "model": "token_blacklist.outstandingtoken",
  "pk": 62,
  "fields": {
    "user": [
      "impanomanzienock@gmail.com"
    ],
    "jti": "b6305fc0095b4e0bb53c7beaf38c4768",
    "token": "eyJhbGciOiJIUzI1NiIsInR5cCI6IkpXVCJ9.eyJ0b2tlbl90eXBlIjoicmVmcmVzaCIsImV4cCI6MTc0NzIzNjYxOSwiaWF0IjoxNzQ3MTUwMjE5LCJqdGkiOiJiNjMwNWZjMDA5NWI0ZTBiYjUzYzdiZWFmMzhjNDc2OCIsInVzZXJfaWQiOjF9.CX6Bkvu2RiBB-PoATKMm8vtjIPWlG7y3ZypFhDFGBV8",
    "created_at": "2025-05-13T15:30:19.479Z",
    "expires_at": "2025-05-14T15:30:19Z"
  }
},
{
  "model": "token_blacklist.outstandingtoken",
  "pk": 63,
  "fields": {
    "user": [
      "impanomanzienock@gmail.com"
    ],
    "jti": "a80e0b4953774e188a4c3003a33b6e32",
    "token": "eyJhbGciOiJIUzI1NiIsInR5cCI6IkpXVCJ9.eyJ0b2tlbl90eXBlIjoicmVmcmVzaCIsImV4cCI6MTc0NzIzNzQ4MSwiaWF0IjoxNzQ3MTUxMDgxLCJqdGkiOiJhODBlMGI0OTUzNzc0ZTE4OGE0YzMwMDNhMzNiNmUzMiIsInVzZXJfaWQiOjF9.rNR-MsL0cX-kUvwSSHnL7E7REUV7U4ByxlJncs0XxQg",
    "created_at": "2025-05-13T15:44:41.762Z",
    "expires_at": "2025-05-14T15:44:41Z"
  }
},
{
  "model": "token_blacklist.outstandingtoken",
  "pk": 64,
  "fields": {
    "user": [
      "impanomanzienock@gmail.com"
    ],
    "jti": "a0b97e9048024a97bc114bc9228cfdff",
    "token": "eyJhbGciOiJIUzI1NiIsInR5cCI6IkpXVCJ9.eyJ0b2tlbl90eXBlIjoicmVmcmVzaCIsImV4cCI6MTc0NzI0NzAxNywiaWF0IjoxNzQ3MTYwNjE3LCJqdGkiOiJhMGI5N2U5MDQ4MDI0YTk3YmMxMTRiYzkyMjhjZmRmZiIsInVzZXJfaWQiOjF9.cJN4DNvuEaluPHYrAKKz4plqrRo8lNe0YJqI5M3ghIo",
    "created_at": "2025-05-13T18:23:37.477Z",
    "expires_at": "2025-05-14T18:23:37Z"
  }
},
{
  "model": "token_blacklist.outstandingtoken",
  "pk": 65,
  "fields": {
    "user": [
      "impanomanzienock@gmail.com"
    ],
    "jti": "a2b30e1ff7cf4b4c815bcecce5ac297a",
    "token": "eyJhbGciOiJIUzI1NiIsInR5cCI6IkpXVCJ9.eyJ0b2tlbl90eXBlIjoicmVmcmVzaCIsImV4cCI6MTc0NzI1Mjc3NCwiaWF0IjoxNzQ3MTY2Mzc0LCJqdGkiOiJhMmIzMGUxZmY3Y2Y0YjRjODE1YmNlY2NlNWFjMjk3YSIsInVzZXJfaWQiOjF9.dxKihewFpk-A0-z5MGRApqj_GX9M_NTYrHVT-rujJRE",
    "created_at": "2025-05-13T19:59:34.118Z",
    "expires_at": "2025-05-14T19:59:34Z"
  }
},
{
  "model": "token_blacklist.outstandingtoken",
  "pk": 66,
  "fields": {
    "user": [
      "impanodeveloper1237@proton.me"
    ],
    "jti": "1c09984904c64b3fba7c7ff46c73dbc9",
    "token": "eyJhbGciOiJIUzI1NiIsInR5cCI6IkpXVCJ9.eyJ0b2tlbl90eXBlIjoicmVmcmVzaCIsImV4cCI6MTc0NzI2MDI3MywiaWF0IjoxNzQ3MTczODczLCJqdGkiOiIxYzA5OTg0OTA0YzY0YjNmYmE3YzdmZjQ2YzczZGJjOSIsInVzZXJfaWQiOjEwfQ.Kc89fsj_Z2U6K6qHv2vnmcXa7TAvdWlQCZ3wUjFBK-c",
    "created_at": "2025-05-13T22:04:33.916Z",
    "expires_at": "2025-05-14T22:04:33Z"
  }
},
{
  "model": "token_blacklist.outstandingtoken",
  "pk": 67,
  "fields": {
    "user": [
      "impanomanzienock@gmail.com"
    ],
    "jti": "2b53da021a314489b190e1f30864e5eb",
    "token": "eyJhbGciOiJIUzI1NiIsInR5cCI6IkpXVCJ9.eyJ0b2tlbl90eXBlIjoicmVmcmVzaCIsImV4cCI6MTc0NzI2MDQ5MCwiaWF0IjoxNzQ3MTc0MDkwLCJqdGkiOiIyYjUzZGEwMjFhMzE0NDg5YjE5MGUxZjMwODY0ZTVlYiIsInVzZXJfaWQiOjF9.wc30eU2yRn_SkNIAfXphYxZdZB3q29JBmWRkY50YJ54",
    "created_at": "2025-05-13T22:08:10.115Z",
    "expires_at": "2025-05-14T22:08:10Z"
  }
},
{
  "model": "token_blacklist.outstandingtoken",
  "pk": 68,
  "fields": {
    "user": [
      "impanodeveloper@proton.me"
    ],
    "jti": "f4b6a2fea4e74e2ea9ffccc9f9a7f3c1",
    "token": "eyJhbGciOiJIUzI1NiIsInR5cCI6IkpXVCJ9.eyJ0b2tlbl90eXBlIjoicmVmcmVzaCIsImV4cCI6MTc0NzI2MTA5MCwiaWF0IjoxNzQ3MTc0NjkwLCJqdGkiOiJmNGI2YTJmZWE0ZTc0ZTJlYTlmZmNjYzlmOWE3ZjNjMSIsInVzZXJfaWQiOjN9.0VkFVWf2tAlxaZadubFHEEAfLgFqi8Kp-gJGiGjJnlU",
    "created_at": "2025-05-13T22:18:10.798Z",
    "expires_at": "2025-05-14T22:18:10Z"
  }
},
{
  "model": "token_blacklist.outstandingtoken",
  "pk": 69,
  "fields": {
    "user": [
      "impanomanzienock@gmail.com"
    ],
    "jti": "26daee15ca3e4ec09db2b9ea8b8e7a0f",
    "token": "eyJhbGciOiJIUzI1NiIsInR5cCI6IkpXVCJ9.eyJ0b2tlbl90eXBlIjoicmVmcmVzaCIsImV4cCI6MTc0NzI2MTIxOCwiaWF0IjoxNzQ3MTc0ODE4LCJqdGkiOiIyNmRhZWUxNWNhM2U0ZWMwOWRiMmI5ZWE4YjhlN2EwZiIsInVzZXJfaWQiOjF9.i6zDa9SIaIxK46gcvNESDY-_4KJVOTjDC1Faaba51_Q",
    "created_at": "2025-05-13T22:20:18.341Z",
    "expires_at": "2025-05-14T22:20:18Z"
  }
},
{
  "model": "token_blacklist.outstandingtoken",
  "pk": 70,
  "fields": {
    "user": [
      "impanodeveloper4@proton.me"
    ],
    "jti": "400e8bb14cde4b5b82da79af05e48e59",
    "token": "eyJhbGciOiJIUzI1NiIsInR5cCI6IkpXVCJ9.eyJ0b2tlbl90eXBlIjoicmVmcmVzaCIsImV4cCI6MTc0NzI2MTMxNiwiaWF0IjoxNzQ3MTc0OTE2LCJqdGkiOiI0MDBlOGJiMTRjZGU0YjViODJkYTc5YWYwNWU0OGU1OSIsInVzZXJfaWQiOjE1fQ.Phan0hug0lG_Q-vdouZZifIccVaFCoEL5OXoDj6vl-c",
    "created_at": "2025-05-13T22:21:56.926Z",
    "expires_at": "2025-05-14T22:21:56Z"
  }
},
{
  "model": "token_blacklist.outstandingtoken",
  "pk": 71,
  "fields": {
    "user": [
      "impanomanzienock@gmail.com"
    ],
    "jti": "74b67cb706384b9596f552a3202e6aeb",
    "token": "eyJhbGciOiJIUzI1NiIsInR5cCI6IkpXVCJ9.eyJ0b2tlbl90eXBlIjoicmVmcmVzaCIsImV4cCI6MTc0NzI2MTQyOSwiaWF0IjoxNzQ3MTc1MDI5LCJqdGkiOiI3NGI2N2NiNzA2Mzg0Yjk1OTZmNTUyYTMyMDJlNmFlYiIsInVzZXJfaWQiOjF9.gzkhar7qy3lCVkWpUVnUl4pldX0fFRVgFdinBTmPNts",
    "created_at": "2025-05-13T22:23:49.368Z",
    "expires_at": "2025-05-14T22:23:49Z"
  }
},
{
  "model": "token_blacklist.outstandingtoken",
  "pk": 72,
  "fields": {
    "user": [
      "impanomanzienock@gmail.com"
    ],
    "jti": "e5f993d7f9c746f1baaf5fdd6866c7d5",
    "token": "eyJhbGciOiJIUzI1NiIsInR5cCI6IkpXVCJ9.eyJ0b2tlbl90eXBlIjoicmVmcmVzaCIsImV4cCI6MTc0NzI2NDIwOCwiaWF0IjoxNzQ3MTc3ODA4LCJqdGkiOiJlNWY5OTNkN2Y5Yzc0NmYxYmFhZjVmZGQ2ODY2YzdkNSIsInVzZXJfaWQiOjF9.SS_4JGgaavct2jqYwCwEgi0KrEbSf0CGMHpgWF_wCiY",
    "created_at": "2025-05-13T23:10:08.967Z",
    "expires_at": "2025-05-14T23:10:08Z"
  }
},
{
  "model": "token_blacklist.outstandingtoken",
  "pk": 73,
  "fields": {
    "user": [
      "impanomanzienock@gmail.com"
    ],
    "jti": "4aa05f7213b1437694a5565457cc74a4",
    "token": "eyJhbGciOiJIUzI1NiIsInR5cCI6IkpXVCJ9.eyJ0b2tlbl90eXBlIjoicmVmcmVzaCIsImV4cCI6MTc0NzI2NDMzNywiaWF0IjoxNzQ3MTc3OTM3LCJqdGkiOiI0YWEwNWY3MjEzYjE0Mzc2OTRhNTU2NTQ1N2NjNzRhNCIsInVzZXJfaWQiOjF9.Wkc_ODJff_TBph1MvPQeVGP_oTCbgm5tf4hUx91-jC0",
    "created_at": "2025-05-13T23:12:17.168Z",
    "expires_at": "2025-05-14T23:12:17Z"
  }
},
{
  "model": "token_blacklist.outstandingtoken",
  "pk": 74,
  "fields": {
    "user": [
      "impanomanzienock@gmail.com"
    ],
    "jti": "d963ccd058ee4e1e9714206d6585e072",
    "token": "eyJhbGciOiJIUzI1NiIsInR5cCI6IkpXVCJ9.eyJ0b2tlbl90eXBlIjoicmVmcmVzaCIsImV4cCI6MTc0NzI5MDQ0OCwiaWF0IjoxNzQ3MjA0MDQ4LCJqdGkiOiJkOTYzY2NkMDU4ZWU0ZTFlOTcxNDIwNmQ2NTg1ZTA3MiIsInVzZXJfaWQiOjF9.33zx-QxIb8pRkf3yE9yzosn26-FDwD-qrFUTtnP_dOA",
    "created_at": "2025-05-14T06:27:28.509Z",
    "expires_at": "2025-05-15T06:27:28Z"
  }
},
{
  "model": "token_blacklist.outstandingtoken",
  "pk": 75,
  "fields": {
    "user": [
      "impanomanzienock@gmail.com"
    ],
    "jti": "4d2fb551504e461c90c5a7cf3a39d6e1",
    "token": "eyJhbGciOiJIUzI1NiIsInR5cCI6IkpXVCJ9.eyJ0b2tlbl90eXBlIjoicmVmcmVzaCIsImV4cCI6MTc0NzI5MzA5OSwiaWF0IjoxNzQ3MjA2Njk5LCJqdGkiOiI0ZDJmYjU1MTUwNGU0NjFjOTBjNWE3Y2YzYTM5ZDZlMSIsInVzZXJfaWQiOjF9.uEBXwg0UAjQC1krkVocFWSg-uHCRdDxOe8teE9SfVzQ",
    "created_at": "2025-05-14T07:11:39.995Z",
    "expires_at": "2025-05-15T07:11:39Z"
  }
},
{
  "model": "token_blacklist.outstandingtoken",
  "pk": 76,
  "fields": {
    "user": [
      "impanomanzienock@gmail.com"
    ],
    "jti": "3be518bef5ab4c619d0702202c42d7fa",
    "token": "eyJhbGciOiJIUzI1NiIsInR5cCI6IkpXVCJ9.eyJ0b2tlbl90eXBlIjoicmVmcmVzaCIsImV4cCI6MTc0NzI5NTAwMiwiaWF0IjoxNzQ3MjA4NjAyLCJqdGkiOiIzYmU1MThiZWY1YWI0YzYxOWQwNzAyMjAyYzQyZDdmYSIsInVzZXJfaWQiOjF9.vdLlz0ttrP1k0qrPymDp9HV6GYIuERaESqP6x6I5-uI",
    "created_at": "2025-05-14T07:43:22.546Z",
    "expires_at": "2025-05-15T07:43:22Z"
  }
},
{
  "model": "token_blacklist.outstandingtoken",
  "pk": 77,
  "fields": {
    "user": [
      "impanomanzienock@gmail.com"
    ],
    "jti": "22faa5d5b76f46c2bef2dcb02ea1a2c3",
    "token": "eyJhbGciOiJIUzI1NiIsInR5cCI6IkpXVCJ9.eyJ0b2tlbl90eXBlIjoicmVmcmVzaCIsImV4cCI6MTc0NzMwMzMyNywiaWF0IjoxNzQ3MjE2OTI3LCJqdGkiOiIyMmZhYTVkNWI3NmY0NmMyYmVmMmRjYjAyZWExYTJjMyIsInVzZXJfaWQiOjF9.78ftB0HJk9qqFv7z1WfU6q3aT6Bxd7cU6x68wmqKNmA",
    "created_at": "2025-05-14T10:02:07.904Z",
    "expires_at": "2025-05-15T10:02:07Z"
  }
},
{
  "model": "token_blacklist.outstandingtoken",
  "pk": 78,
  "fields": {
    "user": [
      "impanodeveloper1237@proton.me"
    ],
    "jti": "a45f63d27ec646959238627a6a394872",
    "token": "eyJhbGciOiJIUzI1NiIsInR5cCI6IkpXVCJ9.eyJ0b2tlbl90eXBlIjoicmVmcmVzaCIsImV4cCI6MTc0NzMwNTg2NSwiaWF0IjoxNzQ3MjE5NDY1LCJqdGkiOiJhNDVmNjNkMjdlYzY0Njk1OTIzODYyN2E2YTM5NDg3MiIsInVzZXJfaWQiOjEwfQ.AmBpoURXlktFpC-HbTzmq7KL2lT4_dZCyv9pCvtucdQ",
    "created_at": "2025-05-14T10:44:25.294Z",
    "expires_at": "2025-05-15T10:44:25Z"
  }
},
{
  "model": "token_blacklist.outstandingtoken",
  "pk": 79,
  "fields": {
    "user": [
      "impanodeveloper4@proton.me"
    ],
    "jti": "401ecc2a588a48f591f4a879f84c0b7a",
    "token": "eyJhbGciOiJIUzI1NiIsInR5cCI6IkpXVCJ9.eyJ0b2tlbl90eXBlIjoicmVmcmVzaCIsImV4cCI6MTc0NzMwNjE0NCwiaWF0IjoxNzQ3MjE5NzQ0LCJqdGkiOiI0MDFlY2MyYTU4OGE0OGY1OTFmNGE4NzlmODRjMGI3YSIsInVzZXJfaWQiOjE1fQ.tC8L5d0ji-Vlgqj1bQfyP7mLF4rizdwl7ykUpdg83GU",
    "created_at": "2025-05-14T10:49:04.504Z",
    "expires_at": "2025-05-15T10:49:04Z"
  }
},
{
  "model": "token_blacklist.outstandingtoken",
  "pk": 80,
  "fields": {
    "user": [
      "impanomanzienock@gmail.com"
    ],
    "jti": "c5c3f2553980449cb4ee3562e6104af3",
    "token": "eyJhbGciOiJIUzI1NiIsInR5cCI6IkpXVCJ9.eyJ0b2tlbl90eXBlIjoicmVmcmVzaCIsImV4cCI6MTc0NzMwNjI1MiwiaWF0IjoxNzQ3MjE5ODUyLCJqdGkiOiJjNWMzZjI1NTM5ODA0NDljYjRlZTM1NjJlNjEwNGFmMyIsInVzZXJfaWQiOjF9.mLOLPAo8ljc4FisLJ14ORu0AA_qT0hJwM5vkeu0VDXA",
    "created_at": "2025-05-14T10:50:52.014Z",
    "expires_at": "2025-05-15T10:50:52Z"
  }
},
{
  "model": "token_blacklist.outstandingtoken",
  "pk": 81,
  "fields": {
    "user": [
      "impanodeveloper5@proton.me"
    ],
    "jti": "e6877ac8c4c64e1eb3841321a55852e8",
    "token": "eyJhbGciOiJIUzI1NiIsInR5cCI6IkpXVCJ9.eyJ0b2tlbl90eXBlIjoicmVmcmVzaCIsImV4cCI6MTc0NzMwNjUwNywiaWF0IjoxNzQ3MjIwMTA3LCJqdGkiOiJlNjg3N2FjOGM0YzY0ZTFlYjM4NDEzMjFhNTU4NTJlOCIsInVzZXJfaWQiOjE2fQ.tN93YahoXeLEP3PHY-lS-MHQy5N8w-5QeEH71G3VUXc",
    "created_at": "2025-05-14T10:55:07.856Z",
    "expires_at": "2025-05-15T10:55:07Z"
  }
},
{
  "model": "token_blacklist.outstandingtoken",
  "pk": 82,
  "fields": {
    "user": [
      "impanodeveloper5@proton.me"
    ],
    "jti": "8bf5e9e8670b4e78a6cfd6f25c36ef67",
    "token": "eyJhbGciOiJIUzI1NiIsInR5cCI6IkpXVCJ9.eyJ0b2tlbl90eXBlIjoicmVmcmVzaCIsImV4cCI6MTc0NzMxMjY5NiwiaWF0IjoxNzQ3MjI2Mjk2LCJqdGkiOiI4YmY1ZTllODY3MGI0ZTc4YTZjZmQ2ZjI1YzM2ZWY2NyIsInVzZXJfaWQiOjE2fQ.FEwDc9l3RR6jz1Rd7GjugeXX-BRL72LNoJhMsC1Bw9M",
    "created_at": "2025-05-14T12:38:16.018Z",
    "expires_at": "2025-05-15T12:38:16Z"
  }
},
{
  "model": "token_blacklist.outstandingtoken",
  "pk": 83,
  "fields": {
    "user": [
      "impanodeveloper1237@proton.me"
    ],
    "jti": "4666dcbc1e6d48ad91d28fcef78812ea",
    "token": "eyJhbGciOiJIUzI1NiIsInR5cCI6IkpXVCJ9.eyJ0b2tlbl90eXBlIjoicmVmcmVzaCIsImV4cCI6MTc0NzMxMjczNiwiaWF0IjoxNzQ3MjI2MzM2LCJqdGkiOiI0NjY2ZGNiYzFlNmQ0OGFkOTFkMjhmY2VmNzg4MTJlYSIsInVzZXJfaWQiOjEwfQ.yqJGnuwzn5ITT6gD0Xmr2QI_n2jEPSGXJ_YizsSNSQw",
    "created_at": "2025-05-14T12:38:56.375Z",
    "expires_at": "2025-05-15T12:38:56Z"
  }
},
{
  "model": "token_blacklist.outstandingtoken",
  "pk": 84,
  "fields": {
    "user": [
      "impanomanzienock@gmail.com"
    ],
    "jti": "91f545e861944a34896f3f92e2adb030",
    "token": "eyJhbGciOiJIUzI1NiIsInR5cCI6IkpXVCJ9.eyJ0b2tlbl90eXBlIjoicmVmcmVzaCIsImV4cCI6MTc0NzMxNTYzNSwiaWF0IjoxNzQ3MjI5MjM1LCJqdGkiOiI5MWY1NDVlODYxOTQ0YTM0ODk2ZjNmOTJlMmFkYjAzMCIsInVzZXJfaWQiOjF9.vWBTTCuZgpqpepWqtC4bO4qkbX7ss1fRQmz9akCP_KY",
    "created_at": "2025-05-14T13:27:15.344Z",
    "expires_at": "2025-05-15T13:27:15Z"
  }
},
{
  "model": "token_blacklist.outstandingtoken",
  "pk": 85,
  "fields": {
    "user": [
      "impanomanzienock@gmail.com"
    ],
    "jti": "a5dccbb82be0455296cfc5c3730dcc0c",
    "token": "eyJhbGciOiJIUzI1NiIsInR5cCI6IkpXVCJ9.eyJ0b2tlbl90eXBlIjoicmVmcmVzaCIsImV4cCI6MTc0NzMxNjIxNiwiaWF0IjoxNzQ3MjI5ODE2LCJqdGkiOiJhNWRjY2JiODJiZTA0NTUyOTZjZmM1YzM3MzBkY2MwYyIsInVzZXJfaWQiOjF9.-Gmtq8QnbYzvq1e_sNGEVGVMwgfFV0wQwZAornjAFl8",
    "created_at": "2025-05-14T13:36:56.214Z",
    "expires_at": "2025-05-15T13:36:56Z"
  }
},
{
  "model": "token_blacklist.outstandingtoken",
  "pk": 86,
  "fields": {
    "user": [
      "impanomanzienock@gmail.com"
    ],
    "jti": "afa0540c693c4457a698eba464869ed6",
    "token": "eyJhbGciOiJIUzI1NiIsInR5cCI6IkpXVCJ9.eyJ0b2tlbl90eXBlIjoicmVmcmVzaCIsImV4cCI6MTc0NzMxOTI2MCwiaWF0IjoxNzQ3MjMyODYwLCJqdGkiOiJhZmEwNTQwYzY5M2M0NDU3YTY5OGViYTQ2NDg2OWVkNiIsInVzZXJfaWQiOjF9.h7MdXPL4x7xKnad1TEN9Wn5Khz4D02wUIhiM4gbUOUw",
    "created_at": "2025-05-14T14:27:40.499Z",
    "expires_at": "2025-05-15T14:27:40Z"
  }
},
{
  "model": "token_blacklist.outstandingtoken",
  "pk": 87,
  "fields": {
    "user": [
      "impanomanzienock@gmail.com"
    ],
    "jti": "a877d46605a04e858845e9d69349473c",
    "token": "eyJhbGciOiJIUzI1NiIsInR5cCI6IkpXVCJ9.eyJ0b2tlbl90eXBlIjoicmVmcmVzaCIsImV4cCI6MTc0NzMyNDQ4NiwiaWF0IjoxNzQ3MjM4MDg2LCJqdGkiOiJhODc3ZDQ2NjA1YTA0ZTg1ODg0NWU5ZDY5MzQ5NDczYyIsInVzZXJfaWQiOjF9.kRFYbTF93zoFy4VKKgsTHhg6VUgB1-sAT0wz_sdbJck",
    "created_at": "2025-05-14T15:54:46.635Z",
    "expires_at": "2025-05-15T15:54:46Z"
  }
},
{
  "model": "token_blacklist.outstandingtoken",
  "pk": 88,
  "fields": {
    "user": [
      "impanomanzienock@gmail.com"
    ],
    "jti": "70b1d0bb6dc848db9cb7c7ea1595a1ff",
    "token": "eyJhbGciOiJIUzI1NiIsInR5cCI6IkpXVCJ9.eyJ0b2tlbl90eXBlIjoicmVmcmVzaCIsImV4cCI6MTc0NzMzMDM4MywiaWF0IjoxNzQ3MjQzOTgzLCJqdGkiOiI3MGIxZDBiYjZkYzg0OGRiOWNiN2M3ZWExNTk1YTFmZiIsInVzZXJfaWQiOjF9.gTEVeFoAJJWIFSEjVdYGBwCUrmVmesnpzX-v3d1g9-M",
    "created_at": "2025-05-14T17:33:03.069Z",
    "expires_at": "2025-05-15T17:33:03Z"
  }
},
{
  "model": "token_blacklist.outstandingtoken",
  "pk": 89,
  "fields": {
    "user": [
      "impanomanzienock@gmail.com"
    ],
    "jti": "a52442aa9d7b4bf7900ac3cab1efaa02",
    "token": "eyJhbGciOiJIUzI1NiIsInR5cCI6IkpXVCJ9.eyJ0b2tlbl90eXBlIjoicmVmcmVzaCIsImV4cCI6MTc0NzM0NjEyOCwiaWF0IjoxNzQ3MjU5NzI4LCJqdGkiOiJhNTI0NDJhYTlkN2I0YmY3OTAwYWMzY2FiMWVmYWEwMiIsInVzZXJfaWQiOjF9.hrGKtquW2t_s4iU7KWAYz9zh2rvMWV3t3grVa8ctAqw",
    "created_at": "2025-05-14T21:55:28.822Z",
    "expires_at": "2025-05-15T21:55:28Z"
  }
},
{
  "model": "token_blacklist.outstandingtoken",
  "pk": 90,
  "fields": {
    "user": [
      "impanomanzienock@gmail.com"
    ],
    "jti": "e02a085b4c9f4805a81fecaecc018627",
    "token": "eyJhbGciOiJIUzI1NiIsInR5cCI6IkpXVCJ9.eyJ0b2tlbl90eXBlIjoicmVmcmVzaCIsImV4cCI6MTc0NzM1MzkyNiwiaWF0IjoxNzQ3MjY3NTI2LCJqdGkiOiJlMDJhMDg1YjRjOWY0ODA1YTgxZmVjYWVjYzAxODYyNyIsInVzZXJfaWQiOjF9.hO3A1K_BIxAMkHAcCNBNR0ttuVv6Nx2DMjQjegw1nlM",
    "created_at": "2025-05-15T00:05:26.632Z",
    "expires_at": "2025-05-16T00:05:26Z"
  }
},
{
  "model": "token_blacklist.outstandingtoken",
  "pk": 91,
  "fields": {
    "user": [
      "impanomanzienock@gmail.com"
    ],
    "jti": "61739dfe95c747edb05e9324387fffb6",
    "token": "eyJhbGciOiJIUzI1NiIsInR5cCI6IkpXVCJ9.eyJ0b2tlbl90eXBlIjoicmVmcmVzaCIsImV4cCI6MTc0NzM1OTI5OCwiaWF0IjoxNzQ3MjcyODk4LCJqdGkiOiI2MTczOWRmZTk1Yzc0N2VkYjA1ZTkzMjQzODdmZmZiNiIsInVzZXJfaWQiOjF9.SQvNfFezTSpfmNqtsSprpAHDfXRwAZ9p7OWtMVJG254",
    "created_at": "2025-05-15T01:34:58.461Z",
    "expires_at": "2025-05-16T01:34:58Z"
  }
},
{
  "model": "token_blacklist.outstandingtoken",
  "pk": 92,
  "fields": {
    "user": [
      "impanomanzienock@gmail.com"
    ],
    "jti": "ec8ae2a9339c47d4b2aaf2881ae2c8fc",
    "token": "eyJhbGciOiJIUzI1NiIsInR5cCI6IkpXVCJ9.eyJ0b2tlbl90eXBlIjoicmVmcmVzaCIsImV4cCI6MTc0NzM1OTMwOCwiaWF0IjoxNzQ3MjcyOTA4LCJqdGkiOiJlYzhhZTJhOTMzOWM0N2Q0YjJhYWYyODgxYWUyYzhmYyIsInVzZXJfaWQiOjF9.14VXEr7YKSsYkGgaNQvKTNUEQgni8ifJ2mzLeQ77nxg",
    "created_at": "2025-05-15T01:35:08.648Z",
    "expires_at": "2025-05-16T01:35:08Z"
  }
},
{
  "model": "token_blacklist.outstandingtoken",
  "pk": 93,
  "fields": {
    "user": [
      "impanodeveloper98@proton.me"
    ],
    "jti": "8c8e978184f44844bd6679eedcca6efd",
    "token": "eyJhbGciOiJIUzI1NiIsInR5cCI6IkpXVCJ9.eyJ0b2tlbl90eXBlIjoicmVmcmVzaCIsImV4cCI6MTc0NzM1OTQyMCwiaWF0IjoxNzQ3MjczMDIwLCJqdGkiOiI4YzhlOTc4MTg0ZjQ0ODQ0YmQ2Njc5ZWVkY2NhNmVmZCIsInVzZXJfaWQiOjEwMX0.fOoberBrw1Qb4SgWnbXphADtSdXRVU5NoGs3Xq2eB6A",
    "created_at": "2025-05-15T01:37:00.445Z",
    "expires_at": "2025-05-16T01:37:00Z"
  }
},
{
  "model": "token_blacklist.outstandingtoken",
  "pk": 94,
  "fields": {
    "user": [
      "impanodeveloper98@proton.me"
    ],
    "jti": "598d65ae13274321a8f40229559fd72c",
    "token": "eyJhbGciOiJIUzI1NiIsInR5cCI6IkpXVCJ9.eyJ0b2tlbl90eXBlIjoicmVmcmVzaCIsImV4cCI6MTc0NzM1OTQ0MCwiaWF0IjoxNzQ3MjczMDQwLCJqdGkiOiI1OThkNjVhZTEzMjc0MzIxYThmNDAyMjk1NTlmZDcyYyIsInVzZXJfaWQiOjEwMX0.-WFAR1ogFCEJVwJWyRmqvycA8y2DwzjNmaxJTGXC5BY",
    "created_at": "2025-05-15T01:37:20.462Z",
    "expires_at": "2025-05-16T01:37:20Z"
  }
},
{
  "model": "token_blacklist.outstandingtoken",
  "pk": 95,
  "fields": {
    "user": [
      "impanodeveloper60@proton.me"
    ],
    "jti": "d6b5c4b17fbe4a85b51a6cd0c2b66282",
    "token": "eyJhbGciOiJIUzI1NiIsInR5cCI6IkpXVCJ9.eyJ0b2tlbl90eXBlIjoicmVmcmVzaCIsImV4cCI6MTc0NzM1OTU5NCwiaWF0IjoxNzQ3MjczMTk0LCJqdGkiOiJkNmI1YzRiMTdmYmU0YTg1YjUxYTZjZDBjMmI2NjI4MiIsInVzZXJfaWQiOjY0fQ.jlbt-xzzfc51yXNJ_Ar8SClmzY429VylnNMul3mrYhg",
    "created_at": "2025-05-15T01:39:54.990Z",
    "expires_at": "2025-05-16T01:39:54Z"
  }
},
{
  "model": "token_blacklist.outstandingtoken",
  "pk": 96,
  "fields": {
    "user": [
      "impanodeveloper88@proton.me"
    ],
    "jti": "3f9f95281aa6445881dd2de765eed8ae",
    "token": "eyJhbGciOiJIUzI1NiIsInR5cCI6IkpXVCJ9.eyJ0b2tlbl90eXBlIjoicmVmcmVzaCIsImV4cCI6MTc0NzM1OTcxMywiaWF0IjoxNzQ3MjczMzEzLCJqdGkiOiIzZjlmOTUyODFhYTY0NDU4ODFkZDJkZTc2NWVlZDhhZSIsInVzZXJfaWQiOjkxfQ.H2u0TNGF-TFl2mckelV68hqCYMAqt2_oL-b01m4eL1U",
    "created_at": "2025-05-15T01:41:53.506Z",
    "expires_at": "2025-05-16T01:41:53Z"
  }
},
{
  "model": "token_blacklist.outstandingtoken",
  "pk": 97,
  "fields": {
    "user": [
      "impanomanzienock@gmail.com"
    ],
    "jti": "cb9eeb29898747d7b360564c5c821671",
    "token": "eyJhbGciOiJIUzI1NiIsInR5cCI6IkpXVCJ9.eyJ0b2tlbl90eXBlIjoicmVmcmVzaCIsImV4cCI6MTc0NzM1OTk1MiwiaWF0IjoxNzQ3MjczNTUyLCJqdGkiOiJjYjllZWIyOTg5ODc0N2Q3YjM2MDU2NGM1YzgyMTY3MSIsInVzZXJfaWQiOjF9.XwylEwMerKVdZDl_Fy_pCTmTM6OsLHxRa8C9iMA7VP0",
    "created_at": "2025-05-15T01:45:52.418Z",
    "expires_at": "2025-05-16T01:45:52Z"
  }
},
{
  "model": "token_blacklist.outstandingtoken",
  "pk": 98,
  "fields": {
    "user": [
      "impanomanzienock@gmail.com"
    ],
    "jti": "cf875eed35164241b56ec34ddb6db52e",
    "token": "eyJhbGciOiJIUzI1NiIsInR5cCI6IkpXVCJ9.eyJ0b2tlbl90eXBlIjoicmVmcmVzaCIsImV4cCI6MTc0NzM3ODM5OSwiaWF0IjoxNzQ3MjkxOTk5LCJqdGkiOiJjZjg3NWVlZDM1MTY0MjQxYjU2ZWMzNGRkYjZkYjUyZSIsInVzZXJfaWQiOjF9.W5cki4wtxWR0iVduJDSRSh-TqqBi4jPpuomNz9vFY7g",
    "created_at": "2025-05-15T06:53:19.594Z",
    "expires_at": "2025-05-16T06:53:19Z"
  }
},
{
  "model": "token_blacklist.outstandingtoken",
  "pk": 99,
  "fields": {
    "user": [
      "impanomanzienock@gmail.com"
    ],
    "jti": "ae91b3617ba342269d9ddb428f09f545",
    "token": "eyJhbGciOiJIUzI1NiIsInR5cCI6IkpXVCJ9.eyJ0b2tlbl90eXBlIjoicmVmcmVzaCIsImV4cCI6MTc0NzM5MjE2NCwiaWF0IjoxNzQ3MzA1NzY0LCJqdGkiOiJhZTkxYjM2MTdiYTM0MjI2OWQ5ZGRiNDI4ZjA5ZjU0NSIsInVzZXJfaWQiOjF9.0jFz7xPLy8BxQgYLBPbYNUAyRIfIyvJIs0aSzOzNaSQ",
    "created_at": "2025-05-15T10:42:44.880Z",
    "expires_at": "2025-05-16T10:42:44Z"
  }
}
]
